filesnames,status,datatype,title,authors,date,licence,identifier,publisher,rightsHolder,rights,collids
6dd08-01.tif,published,http://purl.org/coar/resource_type/c_c513,"Livre d'entrées, MN, 6DD8, page 1",null,1850-1869,CC-BY-NC-SA-4.0,6dd08-01,"Paris, Musée du Louvre","Paris, Musée du Louvre","0d64c085-f8b5-45f4-88a1-25ec7bd576fc,ROLE_OWNER;02fa6b30-6424-a5b0-10e4-815de8e960db,ROLE_ADMIN",10.34847/nkl.8eeczob9
6dd08-02.tif,published,http://purl.org/coar/resource_type/c_c513,"Livre d'entrées, MN, 6DD8, page 3",null,1850-1869,CC-BY-NC-SA-4.0,6dd08-02,"Paris, Musée du Louvre","Paris, Musée du Louvre","0d64c085-f8b5-45f4-88a1-25ec7bd576fc,ROLE_OWNER;02fa6b30-6424-a5b0-10e4-815de8e960db,ROLE_ADMIN",10.34847/nkl.8eeczob9
6dd08-02bis.tif,published,http://purl.org/coar/resource_type/c_c513,"Livre d'entrées, MN, 6DD8, page 5",null,1850-1869,CC-BY-NC-SA-4.0,6dd08-02bis,"Paris, Musée du Louvre","Paris, Musée du Louvre","0d64c085-f8b5-45f4-88a1-25ec7bd576fc,ROLE_OWNER;02fa6b30-6424-a5b0-10e4-815de8e960db,ROLE_ADMIN",10.34847/nkl.8eeczob9
6dd08-03.tif,published,http://purl.org/coar/resource_type/c_c513,"Livre d'entrées, MN, 6DD8, page 7",null,1850-1869,CC-BY-NC-SA-4.0,6dd08-03,"Paris, Musée du Louvre","Paris, Musée du Louvre","0d64c085-f8b5-45f4-88a1-25ec7bd576fc,ROLE_OWNER;02fa6b30-6424-a5b0-10e4-815de8e960db,ROLE_ADMIN",10.34847/nkl.8eeczob9
6dd08-04.tif,published,http://purl.org/coar/resource_type/c_c513,"Livre d'entrées, MN, 6DD8, page 9",null,1850-1869,CC-BY-NC-SA-4.0,6dd08-04,"Paris, Musée du Louvre","Paris, Musée du Louvre","0d64c085-f8b5-45f4-88a1-25ec7bd576fc,ROLE_OWNER;02fa6b30-6424-a5b0-10e4-815de8e960db,ROLE_ADMIN",10.34847/nkl.8eeczob9
6dd08-05.tif,published,http://purl.org/coar/resource_type/c_c513,"Livre d'entrées, MN, 6DD8, page 11",null,1850-1869,CC-BY-NC-SA-4.0,6dd08-05,"Paris, Musée du Louvre","Paris, Musée du Louvre","0d64c085-f8b5-45f4-88a1-25ec7bd576fc,ROLE_OWNER;02fa6b30-6424-a5b0-10e4-815de8e960db,ROLE_ADMIN",10.34847/nkl.8eeczob9
6dd08-06.tif,published,http://purl.org/coar/resource_type/c_c513,"Livre d'entrées, MN, 6DD8, page 13",null,1850-1869,CC-BY-NC-SA-4.0,6dd08-06,"Paris, Musée du Louvre","Paris, Musée du Louvre","0d64c085-f8b5-45f4-88a1-25ec7bd576fc,ROLE_OWNER;02fa6b30-6424-a5b0-10e4-815de8e960db,ROLE_ADMIN",10.34847/nkl.8eeczob9
6dd08-07.tif,published,http://purl.org/coar/resource_type/c_c513,"Livre d'entrées, MN, 6DD8, page 15",null,1850-1869,CC-BY-NC-SA-4.0,6dd08-07,"Paris, Musée du Louvre","Paris, Musée du Louvre","0d64c085-f8b5-45f4-88a1-25ec7bd576fc,ROLE_OWNER;02fa6b30-6424-a5b0-10e4-815de8e960db,ROLE_ADMIN",10.34847/nkl.8eeczob9
6dd08-08.tif,published,http://purl.org/coar/resource_type/c_c513,"Livre d'entrées, MN, 6DD8, page 17",null,1850-1869,CC-BY-NC-SA-4.0,6dd08-08,"Paris, Musée du Louvre","Paris, Musée du Louvre","0d64c085-f8b5-45f4-88a1-25ec7bd576fc,ROLE_OWNER;02fa6b30-6424-a5b0-10e4-815de8e960db,ROLE_ADMIN",10.34847/nkl.8eeczob9
6dd08-09.tif,published,http://purl.org/coar/resource_type/c_c513,"Livre d'entrées, MN, 6DD8, page 19",null,1850-1869,CC-BY-NC-SA-4.0,6dd08-09,"Paris, Musée du Louvre","Paris, Musée du Louvre","0d64c085-f8b5-45f4-88a1-25ec7bd576fc,ROLE_OWNER;02fa6b30-6424-a5b0-10e4-815de8e960db,ROLE_ADMIN",10.34847/nkl.8eeczob9
6dd08-10.tif,published,http://purl.org/coar/resource_type/c_c513,"Livre d'entrées, MN, 6DD8, page 21",null,1850-1869,CC-BY-NC-SA-4.0,6dd08-10,"Paris, Musée du Louvre","Paris, Musée du Louvre","0d64c085-f8b5-45f4-88a1-25ec7bd576fc,ROLE_OWNER;02fa6b30-6424-a5b0-10e4-815de8e960db,ROLE_ADMIN",10.34847/nkl.8eeczob9
6dd08-11.tif,published,http://purl.org/coar/resource_type/c_c513,"Livre d'entrées, MN, 6DD8, page 23",null,1850-1869,CC-BY-NC-SA-4.0,6dd08-11,"Paris, Musée du Louvre","Paris, Musée du Louvre","0d64c085-f8b5-45f4-88a1-25ec7bd576fc,ROLE_OWNER;02fa6b30-6424-a5b0-10e4-815de8e960db,ROLE_ADMIN",10.34847/nkl.8eeczob9
6dd08-12.tif,published,http://purl.org/coar/resource_type/c_c513,"Livre d'entrées, MN, 6DD8, page 25",null,1850-1869,CC-BY-NC-SA-4.0,6dd08-12,"Paris, Musée du Louvre","Paris, Musée du Louvre","0d64c085-f8b5-45f4-88a1-25ec7bd576fc,ROLE_OWNER;02fa6b30-6424-a5b0-10e4-815de8e960db,ROLE_ADMIN",10.34847/nkl.8eeczob9
6dd08-13.tif,published,http://purl.org/coar/resource_type/c_c513,"Livre d'entrées, MN, 6DD8, page 27",null,1850-1869,CC-BY-NC-SA-4.0,6dd08-13,"Paris, Musée du Louvre","Paris, Musée du Louvre","0d64c085-f8b5-45f4-88a1-25ec7bd576fc,ROLE_OWNER;02fa6b30-6424-a5b0-10e4-815de8e960db,ROLE_ADMIN",10.34847/nkl.8eeczob9
6dd08-13bis1.tif,published,http://purl.org/coar/resource_type/c_c513,"Livre d'entrées, MN, 6DD8, page 29",null,1850-1869,CC-BY-NC-SA-4.0,6dd08-13bis1,"Paris, Musée du Louvre","Paris, Musée du Louvre","0d64c085-f8b5-45f4-88a1-25ec7bd576fc,ROLE_OWNER;02fa6b30-6424-a5b0-10e4-815de8e960db,ROLE_ADMIN",10.34847/nkl.8eeczob9
6dd08-14.tif,published,http://purl.org/coar/resource_type/c_c513,"Livre d'entrées, MN, 6DD8, page 31",null,1850-1869,CC-BY-NC-SA-4.0,6dd08-14,"Paris, Musée du Louvre","Paris, Musée du Louvre","0d64c085-f8b5-45f4-88a1-25ec7bd576fc,ROLE_OWNER;02fa6b30-6424-a5b0-10e4-815de8e960db,ROLE_ADMIN",10.34847/nkl.8eeczob9
6dd08-15.tif,published,http://purl.org/coar/resource_type/c_c513,"Livre d'entrées, MN, 6DD8, page 33",null,1850-1869,CC-BY-NC-SA-4.0,6dd08-15,"Paris, Musée du Louvre","Paris, Musée du Louvre","0d64c085-f8b5-45f4-88a1-25ec7bd576fc,ROLE_OWNER;02fa6b30-6424-a5b0-10e4-815de8e960db,ROLE_ADMIN",10.34847/nkl.8eeczob9
6dd08-16.tif,published,http://purl.org/coar/resource_type/c_c513,"Livre d'entrées, MN, 6DD8, page 35",null,1850-1869,CC-BY-NC-SA-4.0,6dd08-16,"Paris, Musée du Louvre","Paris, Musée du Louvre","0d64c085-f8b5-45f4-88a1-25ec7bd576fc,ROLE_OWNER;02fa6b30-6424-a5b0-10e4-815de8e960db,ROLE_ADMIN",10.34847/nkl.8eeczob9
6dd08-17.tif,published,http://purl.org/coar/resource_type/c_c513,"Livre d'entrées, MN, 6DD8, page 37",null,1850-1869,CC-BY-NC-SA-4.0,6dd08-17,"Paris, Musée du Louvre","Paris, Musée du Louvre","0d64c085-f8b5-45f4-88a1-25ec7bd576fc,ROLE_OWNER;02fa6b30-6424-a5b0-10e4-815de8e960db,ROLE_ADMIN",10.34847/nkl.8eeczob9
6dd08-18.tif,published,http://purl.org/coar/resource_type/c_c513,"Livre d'entrées, MN, 6DD8, page 39",null,1850-1869,CC-BY-NC-SA-4.0,6dd08-18,"Paris, Musée du Louvre","Paris, Musée du Louvre","0d64c085-f8b5-45f4-88a1-25ec7bd576fc,ROLE_OWNER;02fa6b30-6424-a5b0-10e4-815de8e960db,ROLE_ADMIN",10.34847/nkl.8eeczob9
6dd08-19.tif,published,http://purl.org/coar/resource_type/c_c513,"Livre d'entrées, MN, 6DD8, page 41",null,1850-1869,CC-BY-NC-SA-4.0,6dd08-19,"Paris, Musée du Louvre","Paris, Musée du Louvre","0d64c085-f8b5-45f4-88a1-25ec7bd576fc,ROLE_OWNER;02fa6b30-6424-a5b0-10e4-815de8e960db,ROLE_ADMIN",10.34847/nkl.8eeczob9
6dd08-20.tif,published,http://purl.org/coar/resource_type/c_c513,"Livre d'entrées, MN, 6DD8, page 43",null,1850-1869,CC-BY-NC-SA-4.0,6dd08-20,"Paris, Musée du Louvre","Paris, Musée du Louvre","0d64c085-f8b5-45f4-88a1-25ec7bd576fc,ROLE_OWNER;02fa6b30-6424-a5b0-10e4-815de8e960db,ROLE_ADMIN",10.34847/nkl.8eeczob9
6dd08-21.tif,published,http://purl.org/coar/resource_type/c_c513,"Livre d'entrées, MN, 6DD8, page 45",null,1850-1869,CC-BY-NC-SA-4.0,6dd08-21,"Paris, Musée du Louvre","Paris, Musée du Louvre","0d64c085-f8b5-45f4-88a1-25ec7bd576fc,ROLE_OWNER;02fa6b30-6424-a5b0-10e4-815de8e960db,ROLE_ADMIN",10.34847/nkl.8eeczob9
6dd08-22.tif,published,http://purl.org/coar/resource_type/c_c513,"Livre d'entrées, MN, 6DD8, page 47",null,1850-1869,CC-BY-NC-SA-4.0,6dd08-22,"Paris, Musée du Louvre","Paris, Musée du Louvre","0d64c085-f8b5-45f4-88a1-25ec7bd576fc,ROLE_OWNER;02fa6b30-6424-a5b0-10e4-815de8e960db,ROLE_ADMIN",10.34847/nkl.8eeczob9
6dd08-23.tif,published,http://purl.org/coar/resource_type/c_c513,"Livre d'entrées, MN, 6DD8, page 49",null,1850-1869,CC-BY-NC-SA-4.0,6dd08-23,"Paris, Musée du Louvre","Paris, Musée du Louvre","0d64c085-f8b5-45f4-88a1-25ec7bd576fc,ROLE_OWNER;02fa6b30-6424-a5b0-10e4-815de8e960db,ROLE_ADMIN",10.34847/nkl.8eeczob9
6dd08-23bis.tif,published,http://purl.org/coar/resource_type/c_c513,"Livre d'entrées, MN, 6DD8, page 51",null,1850-1869,CC-BY-NC-SA-4.0,6dd08-23bis,"Paris, Musée du Louvre","Paris, Musée du Louvre","0d64c085-f8b5-45f4-88a1-25ec7bd576fc,ROLE_OWNER;02fa6b30-6424-a5b0-10e4-815de8e960db,ROLE_ADMIN",10.34847/nkl.8eeczob9
6dd08-24.tif,published,http://purl.org/coar/resource_type/c_c513,"Livre d'entrées, MN, 6DD8, page 53",null,1850-1869,CC-BY-NC-SA-4.0,6dd08-24,"Paris, Musée du Louvre","Paris, Musée du Louvre","0d64c085-f8b5-45f4-88a1-25ec7bd576fc,ROLE_OWNER;02fa6b30-6424-a5b0-10e4-815de8e960db,ROLE_ADMIN",10.34847/nkl.8eeczob9
6dd08-25.tif,published,http://purl.org/coar/resource_type/c_c513,"Livre d'entrées, MN, 6DD8, page 55",null,1850-1869,CC-BY-NC-SA-4.0,6dd08-25,"Paris, Musée du Louvre","Paris, Musée du Louvre","0d64c085-f8b5-45f4-88a1-25ec7bd576fc,ROLE_OWNER;02fa6b30-6424-a5b0-10e4-815de8e960db,ROLE_ADMIN",10.34847/nkl.8eeczob9
6dd08-26.tif,published,http://purl.org/coar/resource_type/c_c513,"Livre d'entrées, MN, 6DD8, page 57",null,1850-1869,CC-BY-NC-SA-4.0,6dd08-26,"Paris, Musée du Louvre","Paris, Musée du Louvre","0d64c085-f8b5-45f4-88a1-25ec7bd576fc,ROLE_OWNER;02fa6b30-6424-a5b0-10e4-815de8e960db,ROLE_ADMIN",10.34847/nkl.8eeczob9
6dd08-27.tif,published,http://purl.org/coar/resource_type/c_c513,"Livre d'entrées, MN, 6DD8, page 59",null,1850-1869,CC-BY-NC-SA-4.0,6dd08-27,"Paris, Musée du Louvre","Paris, Musée du Louvre","0d64c085-f8b5-45f4-88a1-25ec7bd576fc,ROLE_OWNER;02fa6b30-6424-a5b0-10e4-815de8e960db,ROLE_ADMIN",10.34847/nkl.8eeczob9
6dd08-28.tif,published,http://purl.org/coar/resource_type/c_c513,"Livre d'entrées, MN, 6DD8, page 61",null,1850-1869,CC-BY-NC-SA-4.0,6dd08-28,"Paris, Musée du Louvre","Paris, Musée du Louvre","0d64c085-f8b5-45f4-88a1-25ec7bd576fc,ROLE_OWNER;02fa6b30-6424-a5b0-10e4-815de8e960db,ROLE_ADMIN",10.34847/nkl.8eeczob9
6dd08-29.tif,published,http://purl.org/coar/resource_type/c_c513,"Livre d'entrées, MN, 6DD8, page 63",null,1850-1869,CC-BY-NC-SA-4.0,6dd08-29,"Paris, Musée du Louvre","Paris, Musée du Louvre","0d64c085-f8b5-45f4-88a1-25ec7bd576fc,ROLE_OWNER;02fa6b30-6424-a5b0-10e4-815de8e960db,ROLE_ADMIN",10.34847/nkl.8eeczob9
6dd08-30.tif,published,http://purl.org/coar/resource_type/c_c513,"Livre d'entrées, MN, 6DD8, page 65",null,1850-1869,CC-BY-NC-SA-4.0,6dd08-30,"Paris, Musée du Louvre","Paris, Musée du Louvre","0d64c085-f8b5-45f4-88a1-25ec7bd576fc,ROLE_OWNER;02fa6b30-6424-a5b0-10e4-815de8e960db,ROLE_ADMIN",10.34847/nkl.8eeczob9
6dd08-31.tif,published,http://purl.org/coar/resource_type/c_c513,"Livre d'entrées, MN, 6DD8, page 67",null,1850-1869,CC-BY-NC-SA-4.0,6dd08-31,"Paris, Musée du Louvre","Paris, Musée du Louvre","0d64c085-f8b5-45f4-88a1-25ec7bd576fc,ROLE_OWNER;02fa6b30-6424-a5b0-10e4-815de8e960db,ROLE_ADMIN",10.34847/nkl.8eeczob9
6dd08-32.tif,published,http://purl.org/coar/resource_type/c_c513,"Livre d'entrées, MN, 6DD8, page 69",null,1850-1869,CC-BY-NC-SA-4.0,6dd08-32,"Paris, Musée du Louvre","Paris, Musée du Louvre","0d64c085-f8b5-45f4-88a1-25ec7bd576fc,ROLE_OWNER;02fa6b30-6424-a5b0-10e4-815de8e960db,ROLE_ADMIN",10.34847/nkl.8eeczob9
6dd08-33.tif,published,http://purl.org/coar/resource_type/c_c513,"Livre d'entrées, MN, 6DD8, page 71",null,1850-1869,CC-BY-NC-SA-4.0,6dd08-33,"Paris, Musée du Louvre","Paris, Musée du Louvre","0d64c085-f8b5-45f4-88a1-25ec7bd576fc,ROLE_OWNER;02fa6b30-6424-a5b0-10e4-815de8e960db,ROLE_ADMIN",10.34847/nkl.8eeczob9
6dd08-34.tif,published,http://purl.org/coar/resource_type/c_c513,"Livre d'entrées, MN, 6DD8, page 73",null,1850-1869,CC-BY-NC-SA-4.0,6dd08-34,"Paris, Musée du Louvre","Paris, Musée du Louvre","0d64c085-f8b5-45f4-88a1-25ec7bd576fc,ROLE_OWNER;02fa6b30-6424-a5b0-10e4-815de8e960db,ROLE_ADMIN",10.34847/nkl.8eeczob9
6dd08-35.tif,published,http://purl.org/coar/resource_type/c_c513,"Livre d'entrées, MN, 6DD8, page 75",null,1850-1869,CC-BY-NC-SA-4.0,6dd08-35,"Paris, Musée du Louvre","Paris, Musée du Louvre","0d64c085-f8b5-45f4-88a1-25ec7bd576fc,ROLE_OWNER;02fa6b30-6424-a5b0-10e4-815de8e960db,ROLE_ADMIN",10.34847/nkl.8eeczob9
6dd08-36.tif,published,http://purl.org/coar/resource_type/c_c513,"Livre d'entrées, MN, 6DD8, page 77",null,1850-1869,CC-BY-NC-SA-4.0,6dd08-36,"Paris, Musée du Louvre","Paris, Musée du Louvre","0d64c085-f8b5-45f4-88a1-25ec7bd576fc,ROLE_OWNER;02fa6b30-6424-a5b0-10e4-815de8e960db,ROLE_ADMIN",10.34847/nkl.8eeczob9
6dd08-37.tif,published,http://purl.org/coar/resource_type/c_c513,"Livre d'entrées, MN, 6DD8, page 79",null,1850-1869,CC-BY-NC-SA-4.0,6dd08-37,"Paris, Musée du Louvre","Paris, Musée du Louvre","0d64c085-f8b5-45f4-88a1-25ec7bd576fc,ROLE_OWNER;02fa6b30-6424-a5b0-10e4-815de8e960db,ROLE_ADMIN",10.34847/nkl.8eeczob9
6dd08-38.tif,published,http://purl.org/coar/resource_type/c_c513,"Livre d'entrées, MN, 6DD8, page 81",null,1850-1869,CC-BY-NC-SA-4.0,6dd08-38,"Paris, Musée du Louvre","Paris, Musée du Louvre","0d64c085-f8b5-45f4-88a1-25ec7bd576fc,ROLE_OWNER;02fa6b30-6424-a5b0-10e4-815de8e960db,ROLE_ADMIN",10.34847/nkl.8eeczob9
6dd08-39.tif,published,http://purl.org/coar/resource_type/c_c513,"Livre d'entrées, MN, 6DD8, page 83",null,1850-1869,CC-BY-NC-SA-4.0,6dd08-39,"Paris, Musée du Louvre","Paris, Musée du Louvre","0d64c085-f8b5-45f4-88a1-25ec7bd576fc,ROLE_OWNER;02fa6b30-6424-a5b0-10e4-815de8e960db,ROLE_ADMIN",10.34847/nkl.8eeczob9
6dd08-40.tif,published,http://purl.org/coar/resource_type/c_c513,"Livre d'entrées, MN, 6DD8, page 85",null,1850-1869,CC-BY-NC-SA-4.0,6dd08-40,"Paris, Musée du Louvre","Paris, Musée du Louvre","0d64c085-f8b5-45f4-88a1-25ec7bd576fc,ROLE_OWNER;02fa6b30-6424-a5b0-10e4-815de8e960db,ROLE_ADMIN",10.34847/nkl.8eeczob9
6dd08-41.tif,published,http://purl.org/coar/resource_type/c_c513,"Livre d'entrées, MN, 6DD8, page 87",null,1850-1869,CC-BY-NC-SA-4.0,6dd08-41,"Paris, Musée du Louvre","Paris, Musée du Louvre","0d64c085-f8b5-45f4-88a1-25ec7bd576fc,ROLE_OWNER;02fa6b30-6424-a5b0-10e4-815de8e960db,ROLE_ADMIN",10.34847/nkl.8eeczob9
6dd08-42.tif,published,http://purl.org/coar/resource_type/c_c513,"Livre d'entrées, MN, 6DD8, page 89",null,1850-1869,CC-BY-NC-SA-4.0,6dd08-42,"Paris, Musée du Louvre","Paris, Musée du Louvre","0d64c085-f8b5-45f4-88a1-25ec7bd576fc,ROLE_OWNER;02fa6b30-6424-a5b0-10e4-815de8e960db,ROLE_ADMIN",10.34847/nkl.8eeczob9
6dd08-43.tif,published,http://purl.org/coar/resource_type/c_c513,"Livre d'entrées, MN, 6DD8, page 91",null,1850-1869,CC-BY-NC-SA-4.0,6dd08-43,"Paris, Musée du Louvre","Paris, Musée du Louvre","0d64c085-f8b5-45f4-88a1-25ec7bd576fc,ROLE_OWNER;02fa6b30-6424-a5b0-10e4-815de8e960db,ROLE_ADMIN",10.34847/nkl.8eeczob9
6dd08-44.tif,published,http://purl.org/coar/resource_type/c_c513,"Livre d'entrées, MN, 6DD8, page 93",null,1850-1869,CC-BY-NC-SA-4.0,6dd08-44,"Paris, Musée du Louvre","Paris, Musée du Louvre","0d64c085-f8b5-45f4-88a1-25ec7bd576fc,ROLE_OWNER;02fa6b30-6424-a5b0-10e4-815de8e960db,ROLE_ADMIN",10.34847/nkl.8eeczob9
6dd08-45.tif,published,http://purl.org/coar/resource_type/c_c513,"Livre d'entrées, MN, 6DD8, page 95",null,1850-1869,CC-BY-NC-SA-4.0,6dd08-45,"Paris, Musée du Louvre","Paris, Musée du Louvre","0d64c085-f8b5-45f4-88a1-25ec7bd576fc,ROLE_OWNER;02fa6b30-6424-a5b0-10e4-815de8e960db,ROLE_ADMIN",10.34847/nkl.8eeczob9
6dd08-46.tif,published,http://purl.org/coar/resource_type/c_c513,"Livre d'entrées, MN, 6DD8, page 97",null,1850-1869,CC-BY-NC-SA-4.0,6dd08-46,"Paris, Musée du Louvre","Paris, Musée du Louvre","0d64c085-f8b5-45f4-88a1-25ec7bd576fc,ROLE_OWNER;02fa6b30-6424-a5b0-10e4-815de8e960db,ROLE_ADMIN",10.34847/nkl.8eeczob9
6dd08-47.tif,published,http://purl.org/coar/resource_type/c_c513,"Livre d'entrées, MN, 6DD8, page 99",null,1850-1869,CC-BY-NC-SA-4.0,6dd08-47,"Paris, Musée du Louvre","Paris, Musée du Louvre","0d64c085-f8b5-45f4-88a1-25ec7bd576fc,ROLE_OWNER;02fa6b30-6424-a5b0-10e4-815de8e960db,ROLE_ADMIN",10.34847/nkl.8eeczob9
6dd08-48.tif,published,http://purl.org/coar/resource_type/c_c513,"Livre d'entrées, MN, 6DD8, page 101",null,1850-1869,CC-BY-NC-SA-4.0,6dd08-48,"Paris, Musée du Louvre","Paris, Musée du Louvre","0d64c085-f8b5-45f4-88a1-25ec7bd576fc,ROLE_OWNER;02fa6b30-6424-a5b0-10e4-815de8e960db,ROLE_ADMIN",10.34847/nkl.8eeczob9
6dd08-49.tif,published,http://purl.org/coar/resource_type/c_c513,"Livre d'entrées, MN, 6DD8, page 103",null,1850-1869,CC-BY-NC-SA-4.0,6dd08-49,"Paris, Musée du Louvre","Paris, Musée du Louvre","0d64c085-f8b5-45f4-88a1-25ec7bd576fc,ROLE_OWNER;02fa6b30-6424-a5b0-10e4-815de8e960db,ROLE_ADMIN",10.34847/nkl.8eeczob9
6dd08-50.tif,published,http://purl.org/coar/resource_type/c_c513,"Livre d'entrées, MN, 6DD8, encart 1",null,1850-1869,CC-BY-NC-SA-4.0,6dd08-50,"Paris, Musée du Louvre","Paris, Musée du Louvre","0d64c085-f8b5-45f4-88a1-25ec7bd576fc,ROLE_OWNER;02fa6b30-6424-a5b0-10e4-815de8e960db,ROLE_ADMIN",10.34847/nkl.8eeczob9
6dd08-51.tif,published,http://purl.org/coar/resource_type/c_c513,"Livre d'entrées, MN, 6DD8, encart 2",null,1850-1869,CC-BY-NC-SA-4.0,6dd08-51,"Paris, Musée du Louvre","Paris, Musée du Louvre","0d64c085-f8b5-45f4-88a1-25ec7bd576fc,ROLE_OWNER;02fa6b30-6424-a5b0-10e4-815de8e960db,ROLE_ADMIN",10.34847/nkl.8eeczob9
6dd08-52.tif,published,http://purl.org/coar/resource_type/c_c513,"Livre d'entrées, MN, 6DD8, encart 3",null,1850-1869,CC-BY-NC-SA-4.0,6dd08-52,"Paris, Musée du Louvre","Paris, Musée du Louvre","0d64c085-f8b5-45f4-88a1-25ec7bd576fc,ROLE_OWNER;02fa6b30-6424-a5b0-10e4-815de8e960db,ROLE_ADMIN",10.34847/nkl.8eeczob9
6dd08-53.tif,published,http://purl.org/coar/resource_type/c_c513,"Livre d'entrées, MN, 6DD8, encart 4",null,1850-1869,CC-BY-NC-SA-4.0,6dd08-53,"Paris, Musée du Louvre","Paris, Musée du Louvre","0d64c085-f8b5-45f4-88a1-25ec7bd576fc,ROLE_OWNER;02fa6b30-6424-a5b0-10e4-815de8e960db,ROLE_ADMIN",10.34847/nkl.8eeczob9
6dd08-54.tif,published,http://purl.org/coar/resource_type/c_c513,"Livre d'entrées, MN, 6DD8, encart 5",null,1850-1869,CC-BY-NC-SA-4.0,6dd08-54,"Paris, Musée du Louvre","Paris, Musée du Louvre","0d64c085-f8b5-45f4-88a1-25ec7bd576fc,ROLE_OWNER;02fa6b30-6424-a5b0-10e4-815de8e960db,ROLE_ADMIN",10.34847/nkl.8eeczob9
6dd08-55.tif,published,http://purl.org/coar/resource_type/c_c513,"Livre d'entrées, MN, 6DD8, encart 6",null,1850-1869,CC-BY-NC-SA-4.0,6dd08-55,"Paris, Musée du Louvre","Paris, Musée du Louvre","0d64c085-f8b5-45f4-88a1-25ec7bd576fc,ROLE_OWNER;02fa6b30-6424-a5b0-10e4-815de8e960db,ROLE_ADMIN",10.34847/nkl.8eeczob9
6dd08-56.tif,published,http://purl.org/coar/resource_type/c_c513,"Livre d'entrées, MN, 6DD8, encart 7",null,1850-1869,CC-BY-NC-SA-4.0,6dd08-56,"Paris, Musée du Louvre","Paris, Musée du Louvre","0d64c085-f8b5-45f4-88a1-25ec7bd576fc,ROLE_OWNER;02fa6b30-6424-a5b0-10e4-815de8e960db,ROLE_ADMIN",10.34847/nkl.8eeczob9
6dd08-57.tif,published,http://purl.org/coar/resource_type/c_c513,"Livre d'entrées, MN, 6DD8, encart 8",null,1850-1869,CC-BY-NC-SA-4.0,6dd08-57,"Paris, Musée du Louvre","Paris, Musée du Louvre","0d64c085-f8b5-45f4-88a1-25ec7bd576fc,ROLE_OWNER;02fa6b30-6424-a5b0-10e4-815de8e960db,ROLE_ADMIN",10.34847/nkl.8eeczob9
6dd08-58.tif,published,http://purl.org/coar/resource_type/c_c513,"Livre d'entrées, MN, 6DD8, encart 9",null,1850-1869,CC-BY-NC-SA-4.0,6dd08-58,"Paris, Musée du Louvre","Paris, Musée du Louvre","0d64c085-f8b5-45f4-88a1-25ec7bd576fc,ROLE_OWNER;02fa6b30-6424-a5b0-10e4-815de8e960db,ROLE_ADMIN",10.34847/nkl.8eeczob9
6dd08-59.tif,published,http://purl.org/coar/resource_type/c_c513,"Livre d'entrées, MN, 6DD8, page 105",null,1850-1869,CC-BY-NC-SA-4.0,6dd08-59,"Paris, Musée du Louvre","Paris, Musée du Louvre","0d64c085-f8b5-45f4-88a1-25ec7bd576fc,ROLE_OWNER;02fa6b30-6424-a5b0-10e4-815de8e960db,ROLE_ADMIN",10.34847/nkl.8eeczob9
6dd08-60.tif,published,http://purl.org/coar/resource_type/c_c513,"Livre d'entrées, MN, 6DD8, page 107",null,1850-1869,CC-BY-NC-SA-4.0,6dd08-60,"Paris, Musée du Louvre","Paris, Musée du Louvre","0d64c085-f8b5-45f4-88a1-25ec7bd576fc,ROLE_OWNER;02fa6b30-6424-a5b0-10e4-815de8e960db,ROLE_ADMIN",10.34847/nkl.8eeczob9
6dd08-61.tif,published,http://purl.org/coar/resource_type/c_c513,"Livre d'entrées, MN, 6DD8, page 109",null,1850-1869,CC-BY-NC-SA-4.0,6dd08-61,"Paris, Musée du Louvre","Paris, Musée du Louvre","0d64c085-f8b5-45f4-88a1-25ec7bd576fc,ROLE_OWNER;02fa6b30-6424-a5b0-10e4-815de8e960db,ROLE_ADMIN",10.34847/nkl.8eeczob9
6dd08-62.tif,published,http://purl.org/coar/resource_type/c_c513,"Livre d'entrées, MN, 6DD8, page 111",null,1850-1869,CC-BY-NC-SA-4.0,6dd08-62,"Paris, Musée du Louvre","Paris, Musée du Louvre","0d64c085-f8b5-45f4-88a1-25ec7bd576fc,ROLE_OWNER;02fa6b30-6424-a5b0-10e4-815de8e960db,ROLE_ADMIN",10.34847/nkl.8eeczob9
6dd08-63.tif,published,http://purl.org/coar/resource_type/c_c513,"Livre d'entrées, MN, 6DD8, page 113",null,1850-1869,CC-BY-NC-SA-4.0,6dd08-63,"Paris, Musée du Louvre","Paris, Musée du Louvre","0d64c085-f8b5-45f4-88a1-25ec7bd576fc,ROLE_OWNER;02fa6b30-6424-a5b0-10e4-815de8e960db,ROLE_ADMIN",10.34847/nkl.8eeczob9
6dd08-64.tif,published,http://purl.org/coar/resource_type/c_c513,"Livre d'entrées, MN, 6DD8, page 115",null,1850-1869,CC-BY-NC-SA-4.0,6dd08-64,"Paris, Musée du Louvre","Paris, Musée du Louvre","0d64c085-f8b5-45f4-88a1-25ec7bd576fc,ROLE_OWNER;02fa6b30-6424-a5b0-10e4-815de8e960db,ROLE_ADMIN",10.34847/nkl.8eeczob9
6dd08-65.tif,published,http://purl.org/coar/resource_type/c_c513,"Livre d'entrées, MN, 6DD8, page 117",null,1850-1869,CC-BY-NC-SA-4.0,6dd08-65,"Paris, Musée du Louvre","Paris, Musée du Louvre","0d64c085-f8b5-45f4-88a1-25ec7bd576fc,ROLE_OWNER;02fa6b30-6424-a5b0-10e4-815de8e960db,ROLE_ADMIN",10.34847/nkl.8eeczob9
6dd08-66.tif,published,http://purl.org/coar/resource_type/c_c513,"Livre d'entrées, MN, 6DD8, page 2",null,1850-1869,CC-BY-NC-SA-4.0,6dd08-66,"Paris, Musée du Louvre","Paris, Musée du Louvre","0d64c085-f8b5-45f4-88a1-25ec7bd576fc,ROLE_OWNER;02fa6b30-6424-a5b0-10e4-815de8e960db,ROLE_ADMIN",10.34847/nkl.8eeczob9
6dd08-67.tif,published,http://purl.org/coar/resource_type/c_c513,"Livre d'entrées, MN, 6DD8, page 4",null,1850-1869,CC-BY-NC-SA-4.0,6dd08-67,"Paris, Musée du Louvre","Paris, Musée du Louvre","0d64c085-f8b5-45f4-88a1-25ec7bd576fc,ROLE_OWNER;02fa6b30-6424-a5b0-10e4-815de8e960db,ROLE_ADMIN",10.34847/nkl.8eeczob9
6dd08-68.tif,published,http://purl.org/coar/resource_type/c_c513,"Livre d'entrées, MN, 6DD8, page 6",null,1850-1869,CC-BY-NC-SA-4.0,6dd08-68,"Paris, Musée du Louvre","Paris, Musée du Louvre","0d64c085-f8b5-45f4-88a1-25ec7bd576fc,ROLE_OWNER;02fa6b30-6424-a5b0-10e4-815de8e960db,ROLE_ADMIN",10.34847/nkl.8eeczob9
6dd08-69.tif,published,http://purl.org/coar/resource_type/c_c513,"Livre d'entrées, MN, 6DD8, page 8",null,1850-1869,CC-BY-NC-SA-4.0,6dd08-69,"Paris, Musée du Louvre","Paris, Musée du Louvre","0d64c085-f8b5-45f4-88a1-25ec7bd576fc,ROLE_OWNER;02fa6b30-6424-a5b0-10e4-815de8e960db,ROLE_ADMIN",10.34847/nkl.8eeczob9
6dd08-70.tif,published,http://purl.org/coar/resource_type/c_c513,"Livre d'entrées, MN, 6DD8, page 10",null,1850-1869,CC-BY-NC-SA-4.0,6dd08-70,"Paris, Musée du Louvre","Paris, Musée du Louvre","0d64c085-f8b5-45f4-88a1-25ec7bd576fc,ROLE_OWNER;02fa6b30-6424-a5b0-10e4-815de8e960db,ROLE_ADMIN",10.34847/nkl.8eeczob9
6dd08-71.tif,published,http://purl.org/coar/resource_type/c_c513,"Livre d'entrées, MN, 6DD8, page 12",null,1850-1869,CC-BY-NC-SA-4.0,6dd08-71,"Paris, Musée du Louvre","Paris, Musée du Louvre","0d64c085-f8b5-45f4-88a1-25ec7bd576fc,ROLE_OWNER;02fa6b30-6424-a5b0-10e4-815de8e960db,ROLE_ADMIN",10.34847/nkl.8eeczob9
6dd08-72.tif,published,http://purl.org/coar/resource_type/c_c513,"Livre d'entrées, MN, 6DD8, page 14",null,1850-1869,CC-BY-NC-SA-4.0,6dd08-72,"Paris, Musée du Louvre","Paris, Musée du Louvre","0d64c085-f8b5-45f4-88a1-25ec7bd576fc,ROLE_OWNER;02fa6b30-6424-a5b0-10e4-815de8e960db,ROLE_ADMIN",10.34847/nkl.8eeczob9
6dd08-73.tif,published,http://purl.org/coar/resource_type/c_c513,"Livre d'entrées, MN, 6DD8, page 16",null,1850-1869,CC-BY-NC-SA-4.0,6dd08-73,"Paris, Musée du Louvre","Paris, Musée du Louvre","0d64c085-f8b5-45f4-88a1-25ec7bd576fc,ROLE_OWNER;02fa6b30-6424-a5b0-10e4-815de8e960db,ROLE_ADMIN",10.34847/nkl.8eeczob9
6dd08-74.tif,published,http://purl.org/coar/resource_type/c_c513,"Livre d'entrées, MN, 6DD8, page 18",null,1850-1869,CC-BY-NC-SA-4.0,6dd08-74,"Paris, Musée du Louvre","Paris, Musée du Louvre","0d64c085-f8b5-45f4-88a1-25ec7bd576fc,ROLE_OWNER;02fa6b30-6424-a5b0-10e4-815de8e960db,ROLE_ADMIN",10.34847/nkl.8eeczob9
6dd08-75.tif,published,http://purl.org/coar/resource_type/c_c513,"Livre d'entrées, MN, 6DD8, page 20",null,1850-1869,CC-BY-NC-SA-4.0,6dd08-75,"Paris, Musée du Louvre","Paris, Musée du Louvre","0d64c085-f8b5-45f4-88a1-25ec7bd576fc,ROLE_OWNER;02fa6b30-6424-a5b0-10e4-815de8e960db,ROLE_ADMIN",10.34847/nkl.8eeczob9
6dd08-76.tif,published,http://purl.org/coar/resource_type/c_c513,"Livre d'entrées, MN, 6DD8, page 22",null,1850-1869,CC-BY-NC-SA-4.0,6dd08-76,"Paris, Musée du Louvre","Paris, Musée du Louvre","0d64c085-f8b5-45f4-88a1-25ec7bd576fc,ROLE_OWNER;02fa6b30-6424-a5b0-10e4-815de8e960db,ROLE_ADMIN",10.34847/nkl.8eeczob9
6dd08-77.tif,published,http://purl.org/coar/resource_type/c_c513,"Livre d'entrées, MN, 6DD8, page 24",null,1850-1869,CC-BY-NC-SA-4.0,6dd08-77,"Paris, Musée du Louvre","Paris, Musée du Louvre","0d64c085-f8b5-45f4-88a1-25ec7bd576fc,ROLE_OWNER;02fa6b30-6424-a5b0-10e4-815de8e960db,ROLE_ADMIN",10.34847/nkl.8eeczob9
6dd08-78.tif,published,http://purl.org/coar/resource_type/c_c513,"Livre d'entrées, MN, 6DD8, page 26",null,1850-1869,CC-BY-NC-SA-4.0,6dd08-78,"Paris, Musée du Louvre","Paris, Musée du Louvre","0d64c085-f8b5-45f4-88a1-25ec7bd576fc,ROLE_OWNER;02fa6b30-6424-a5b0-10e4-815de8e960db,ROLE_ADMIN",10.34847/nkl.8eeczob9
6dd08-79.tif,published,http://purl.org/coar/resource_type/c_c513,"Livre d'entrées, MN, 6DD8, page 28",null,1850-1869,CC-BY-NC-SA-4.0,6dd08-79,"Paris, Musée du Louvre","Paris, Musée du Louvre","0d64c085-f8b5-45f4-88a1-25ec7bd576fc,ROLE_OWNER;02fa6b30-6424-a5b0-10e4-815de8e960db,ROLE_ADMIN",10.34847/nkl.8eeczob9
6dd08-80.tif,published,http://purl.org/coar/resource_type/c_c513,"Livre d'entrées, MN, 6DD8, page 30",null,1850-1869,CC-BY-NC-SA-4.0,6dd08-80,"Paris, Musée du Louvre","Paris, Musée du Louvre","0d64c085-f8b5-45f4-88a1-25ec7bd576fc,ROLE_OWNER;02fa6b30-6424-a5b0-10e4-815de8e960db,ROLE_ADMIN",10.34847/nkl.8eeczob9
6dd08-81.tif,published,http://purl.org/coar/resource_type/c_c513,"Livre d'entrées, MN, 6DD8, page 32",null,1850-1869,CC-BY-NC-SA-4.0,6dd08-81,"Paris, Musée du Louvre","Paris, Musée du Louvre","0d64c085-f8b5-45f4-88a1-25ec7bd576fc,ROLE_OWNER;02fa6b30-6424-a5b0-10e4-815de8e960db,ROLE_ADMIN",10.34847/nkl.8eeczob9
6dd08-82.tif,published,http://purl.org/coar/resource_type/c_c513,"Livre d'entrées, MN, 6DD8, page 34",null,1850-1869,CC-BY-NC-SA-4.0,6dd08-82,"Paris, Musée du Louvre","Paris, Musée du Louvre","0d64c085-f8b5-45f4-88a1-25ec7bd576fc,ROLE_OWNER;02fa6b30-6424-a5b0-10e4-815de8e960db,ROLE_ADMIN",10.34847/nkl.8eeczob9
6dd08-83.tif,published,http://purl.org/coar/resource_type/c_c513,"Livre d'entrées, MN, 6DD8, page 36",null,1850-1869,CC-BY-NC-SA-4.0,6dd08-83,"Paris, Musée du Louvre","Paris, Musée du Louvre","0d64c085-f8b5-45f4-88a1-25ec7bd576fc,ROLE_OWNER;02fa6b30-6424-a5b0-10e4-815de8e960db,ROLE_ADMIN",10.34847/nkl.8eeczob9
6dd08-84.tif,published,http://purl.org/coar/resource_type/c_c513,"Livre d'entrées, MN, 6DD8, page 38",null,1850-1869,CC-BY-NC-SA-4.0,6dd08-84,"Paris, Musée du Louvre","Paris, Musée du Louvre","0d64c085-f8b5-45f4-88a1-25ec7bd576fc,ROLE_OWNER;02fa6b30-6424-a5b0-10e4-815de8e960db,ROLE_ADMIN",10.34847/nkl.8eeczob9
6dd08-85.tif,published,http://purl.org/coar/resource_type/c_c513,"Livre d'entrées, MN, 6DD8, page 40",null,1850-1869,CC-BY-NC-SA-4.0,6dd08-85,"Paris, Musée du Louvre","Paris, Musée du Louvre","0d64c085-f8b5-45f4-88a1-25ec7bd576fc,ROLE_OWNER;02fa6b30-6424-a5b0-10e4-815de8e960db,ROLE_ADMIN",10.34847/nkl.8eeczob9
6dd08-86.tif,published,http://purl.org/coar/resource_type/c_c513,"Livre d'entrées, MN, 6DD8, page 42",null,1850-1869,CC-BY-NC-SA-4.0,6dd08-86,"Paris, Musée du Louvre","Paris, Musée du Louvre","0d64c085-f8b5-45f4-88a1-25ec7bd576fc,ROLE_OWNER;02fa6b30-6424-a5b0-10e4-815de8e960db,ROLE_ADMIN",10.34847/nkl.8eeczob9
6dd08-87.tif,published,http://purl.org/coar/resource_type/c_c513,"Livre d'entrées, MN, 6DD8, page 44",null,1850-1869,CC-BY-NC-SA-4.0,6dd08-87,"Paris, Musée du Louvre","Paris, Musée du Louvre","0d64c085-f8b5-45f4-88a1-25ec7bd576fc,ROLE_OWNER;02fa6b30-6424-a5b0-10e4-815de8e960db,ROLE_ADMIN",10.34847/nkl.8eeczob9
6dd08-88.tif,published,http://purl.org/coar/resource_type/c_c513,"Livre d'entrées, MN, 6DD8, page 46",null,1850-1869,CC-BY-NC-SA-4.0,6dd08-88,"Paris, Musée du Louvre","Paris, Musée du Louvre","0d64c085-f8b5-45f4-88a1-25ec7bd576fc,ROLE_OWNER;02fa6b30-6424-a5b0-10e4-815de8e960db,ROLE_ADMIN",10.34847/nkl.8eeczob9
6dd08-89.tif,published,http://purl.org/coar/resource_type/c_c513,"Livre d'entrées, MN, 6DD8, page 48",null,1850-1869,CC-BY-NC-SA-4.0,6dd08-89,"Paris, Musée du Louvre","Paris, Musée du Louvre","0d64c085-f8b5-45f4-88a1-25ec7bd576fc,ROLE_OWNER;02fa6b30-6424-a5b0-10e4-815de8e960db,ROLE_ADMIN",10.34847/nkl.8eeczob9
6dd08-90.tif,published,http://purl.org/coar/resource_type/c_c513,"Livre d'entrées, MN, 6DD8, page 50",null,1850-1869,CC-BY-NC-SA-4.0,6dd08-90,"Paris, Musée du Louvre","Paris, Musée du Louvre","0d64c085-f8b5-45f4-88a1-25ec7bd576fc,ROLE_OWNER;02fa6b30-6424-a5b0-10e4-815de8e960db,ROLE_ADMIN",10.34847/nkl.8eeczob9
6dd08-91.tif,published,http://purl.org/coar/resource_type/c_c513,"Livre d'entrées, MN, 6DD8, page 52",null,1850-1869,CC-BY-NC-SA-4.0,6dd08-91,"Paris, Musée du Louvre","Paris, Musée du Louvre","0d64c085-f8b5-45f4-88a1-25ec7bd576fc,ROLE_OWNER;02fa6b30-6424-a5b0-10e4-815de8e960db,ROLE_ADMIN",10.34847/nkl.8eeczob9
6dd08-92.tif,published,http://purl.org/coar/resource_type/c_c513,"Livre d'entrées, MN, 6DD8, page 54",null,1850-1869,CC-BY-NC-SA-4.0,6dd08-92,"Paris, Musée du Louvre","Paris, Musée du Louvre","0d64c085-f8b5-45f4-88a1-25ec7bd576fc,ROLE_OWNER;02fa6b30-6424-a5b0-10e4-815de8e960db,ROLE_ADMIN",10.34847/nkl.8eeczob9
6dd08-93.tif,published,http://purl.org/coar/resource_type/c_c513,"Livre d'entrées, MN, 6DD8, page 56",null,1850-1869,CC-BY-NC-SA-4.0,6dd08-93,"Paris, Musée du Louvre","Paris, Musée du Louvre","0d64c085-f8b5-45f4-88a1-25ec7bd576fc,ROLE_OWNER;02fa6b30-6424-a5b0-10e4-815de8e960db,ROLE_ADMIN",10.34847/nkl.8eeczob9
6dd08-94.tif,published,http://purl.org/coar/resource_type/c_c513,"Livre d'entrées, MN, 6DD8, page 58",null,1850-1869,CC-BY-NC-SA-4.0,6dd08-94,"Paris, Musée du Louvre","Paris, Musée du Louvre","0d64c085-f8b5-45f4-88a1-25ec7bd576fc,ROLE_OWNER;02fa6b30-6424-a5b0-10e4-815de8e960db,ROLE_ADMIN",10.34847/nkl.8eeczob9
6dd08-95.tif,published,http://purl.org/coar/resource_type/c_c513,"Livre d'entrées, MN, 6DD8, page 60",null,1850-1869,CC-BY-NC-SA-4.0,6dd08-95,"Paris, Musée du Louvre","Paris, Musée du Louvre","0d64c085-f8b5-45f4-88a1-25ec7bd576fc,ROLE_OWNER;02fa6b30-6424-a5b0-10e4-815de8e960db,ROLE_ADMIN",10.34847/nkl.8eeczob9
6dd08-96.tif,published,http://purl.org/coar/resource_type/c_c513,"Livre d'entrées, MN, 6DD8, page 62",null,1850-1869,CC-BY-NC-SA-4.0,6dd08-96,"Paris, Musée du Louvre","Paris, Musée du Louvre","0d64c085-f8b5-45f4-88a1-25ec7bd576fc,ROLE_OWNER;02fa6b30-6424-a5b0-10e4-815de8e960db,ROLE_ADMIN",10.34847/nkl.8eeczob9
6dd08-97.tif,published,http://purl.org/coar/resource_type/c_c513,"Livre d'entrées, MN, 6DD8, page 64",null,1850-1869,CC-BY-NC-SA-4.0,6dd08-97,"Paris, Musée du Louvre","Paris, Musée du Louvre","0d64c085-f8b5-45f4-88a1-25ec7bd576fc,ROLE_OWNER;02fa6b30-6424-a5b0-10e4-815de8e960db,ROLE_ADMIN",10.34847/nkl.8eeczob9
6dd08-98.tif,published,http://purl.org/coar/resource_type/c_c513,"Livre d'entrées, MN, 6DD8, page 66",null,1850-1869,CC-BY-NC-SA-4.0,6dd08-98,"Paris, Musée du Louvre","Paris, Musée du Louvre","0d64c085-f8b5-45f4-88a1-25ec7bd576fc,ROLE_OWNER;02fa6b30-6424-a5b0-10e4-815de8e960db,ROLE_ADMIN",10.34847/nkl.8eeczob9
6dd08-99.tif,published,http://purl.org/coar/resource_type/c_c513,"Livre d'entrées, MN, 6DD8, page 68",null,1850-1869,CC-BY-NC-SA-4.0,6dd08-99,"Paris, Musée du Louvre","Paris, Musée du Louvre","0d64c085-f8b5-45f4-88a1-25ec7bd576fc,ROLE_OWNER;02fa6b30-6424-a5b0-10e4-815de8e960db,ROLE_ADMIN",10.34847/nkl.8eeczob9
6dd08-100.tif,published,http://purl.org/coar/resource_type/c_c513,"Livre d'entrées, MN, 6DD8, page 70",null,1850-1869,CC-BY-NC-SA-4.0,6dd08-100,"Paris, Musée du Louvre","Paris, Musée du Louvre","0d64c085-f8b5-45f4-88a1-25ec7bd576fc,ROLE_OWNER;02fa6b30-6424-a5b0-10e4-815de8e960db,ROLE_ADMIN",10.34847/nkl.8eeczob9
6dd08-101.tif,published,http://purl.org/coar/resource_type/c_c513,"Livre d'entrées, MN, 6DD8, page 72",null,1850-1869,CC-BY-NC-SA-4.0,6dd08-101,"Paris, Musée du Louvre","Paris, Musée du Louvre","0d64c085-f8b5-45f4-88a1-25ec7bd576fc,ROLE_OWNER;02fa6b30-6424-a5b0-10e4-815de8e960db,ROLE_ADMIN",10.34847/nkl.8eeczob9
6dd08-102.tif,published,http://purl.org/coar/resource_type/c_c513,"Livre d'entrées, MN, 6DD8, page 74",null,1850-1869,CC-BY-NC-SA-4.0,6dd08-102,"Paris, Musée du Louvre","Paris, Musée du Louvre","0d64c085-f8b5-45f4-88a1-25ec7bd576fc,ROLE_OWNER;02fa6b30-6424-a5b0-10e4-815de8e960db,ROLE_ADMIN",10.34847/nkl.8eeczob9
6dd08-103.tif,published,http://purl.org/coar/resource_type/c_c513,"Livre d'entrées, MN, 6DD8, page 76",null,1850-1869,CC-BY-NC-SA-4.0,6dd08-103,"Paris, Musée du Louvre","Paris, Musée du Louvre","0d64c085-f8b5-45f4-88a1-25ec7bd576fc,ROLE_OWNER;02fa6b30-6424-a5b0-10e4-815de8e960db,ROLE_ADMIN",10.34847/nkl.8eeczob9
6dd08-104.tif,published,http://purl.org/coar/resource_type/c_c513,"Livre d'entrées, MN, 6DD8, page 78",null,1850-1869,CC-BY-NC-SA-4.0,6dd08-104,"Paris, Musée du Louvre","Paris, Musée du Louvre","0d64c085-f8b5-45f4-88a1-25ec7bd576fc,ROLE_OWNER;02fa6b30-6424-a5b0-10e4-815de8e960db,ROLE_ADMIN",10.34847/nkl.8eeczob9
6dd08-105.tif,published,http://purl.org/coar/resource_type/c_c513,"Livre d'entrées, MN, 6DD8, page 80",null,1850-1869,CC-BY-NC-SA-4.0,6dd08-105,"Paris, Musée du Louvre","Paris, Musée du Louvre","0d64c085-f8b5-45f4-88a1-25ec7bd576fc,ROLE_OWNER;02fa6b30-6424-a5b0-10e4-815de8e960db,ROLE_ADMIN",10.34847/nkl.8eeczob9
6dd08-106.tif,published,http://purl.org/coar/resource_type/c_c513,"Livre d'entrées, MN, 6DD8, page 82",null,1850-1869,CC-BY-NC-SA-4.0,6dd08-106,"Paris, Musée du Louvre","Paris, Musée du Louvre","0d64c085-f8b5-45f4-88a1-25ec7bd576fc,ROLE_OWNER;02fa6b30-6424-a5b0-10e4-815de8e960db,ROLE_ADMIN",10.34847/nkl.8eeczob9
6dd08-107.tif,published,http://purl.org/coar/resource_type/c_c513,"Livre d'entrées, MN, 6DD8, page 84",null,1850-1869,CC-BY-NC-SA-4.0,6dd08-107,"Paris, Musée du Louvre","Paris, Musée du Louvre","0d64c085-f8b5-45f4-88a1-25ec7bd576fc,ROLE_OWNER;02fa6b30-6424-a5b0-10e4-815de8e960db,ROLE_ADMIN",10.34847/nkl.8eeczob9
6dd08-108.tif,published,http://purl.org/coar/resource_type/c_c513,"Livre d'entrées, MN, 6DD8, page 86",null,1850-1869,CC-BY-NC-SA-4.0,6dd08-108,"Paris, Musée du Louvre","Paris, Musée du Louvre","0d64c085-f8b5-45f4-88a1-25ec7bd576fc,ROLE_OWNER;02fa6b30-6424-a5b0-10e4-815de8e960db,ROLE_ADMIN",10.34847/nkl.8eeczob9
6dd08-109.tif,published,http://purl.org/coar/resource_type/c_c513,"Livre d'entrées, MN, 6DD8, page 88",null,1850-1869,CC-BY-NC-SA-4.0,6dd08-109,"Paris, Musée du Louvre","Paris, Musée du Louvre","0d64c085-f8b5-45f4-88a1-25ec7bd576fc,ROLE_OWNER;02fa6b30-6424-a5b0-10e4-815de8e960db,ROLE_ADMIN",10.34847/nkl.8eeczob9
6dd08-110.tif,published,http://purl.org/coar/resource_type/c_c513,"Livre d'entrées, MN, 6DD8, page 90",null,1850-1869,CC-BY-NC-SA-4.0,6dd08-110,"Paris, Musée du Louvre","Paris, Musée du Louvre","0d64c085-f8b5-45f4-88a1-25ec7bd576fc,ROLE_OWNER;02fa6b30-6424-a5b0-10e4-815de8e960db,ROLE_ADMIN",10.34847/nkl.8eeczob9
6dd08-111.tif,published,http://purl.org/coar/resource_type/c_c513,"Livre d'entrées, MN, 6DD8, page 92",null,1850-1869,CC-BY-NC-SA-4.0,6dd08-111,"Paris, Musée du Louvre","Paris, Musée du Louvre","0d64c085-f8b5-45f4-88a1-25ec7bd576fc,ROLE_OWNER;02fa6b30-6424-a5b0-10e4-815de8e960db,ROLE_ADMIN",10.34847/nkl.8eeczob9
6dd08-112.tif,published,http://purl.org/coar/resource_type/c_c513,"Livre d'entrées, MN, 6DD8, page 94",null,1850-1869,CC-BY-NC-SA-4.0,6dd08-112,"Paris, Musée du Louvre","Paris, Musée du Louvre","0d64c085-f8b5-45f4-88a1-25ec7bd576fc,ROLE_OWNER;02fa6b30-6424-a5b0-10e4-815de8e960db,ROLE_ADMIN",10.34847/nkl.8eeczob9
6dd08-113.tif,published,http://purl.org/coar/resource_type/c_c513,"Livre d'entrées, MN, 6DD8, page 96",null,1850-1869,CC-BY-NC-SA-4.0,6dd08-113,"Paris, Musée du Louvre","Paris, Musée du Louvre","0d64c085-f8b5-45f4-88a1-25ec7bd576fc,ROLE_OWNER;02fa6b30-6424-a5b0-10e4-815de8e960db,ROLE_ADMIN",10.34847/nkl.8eeczob9
6dd08-114.tif,published,http://purl.org/coar/resource_type/c_c513,"Livre d'entrées, MN, 6DD8, page 98",null,1850-1869,CC-BY-NC-SA-4.0,6dd08-114,"Paris, Musée du Louvre","Paris, Musée du Louvre","0d64c085-f8b5-45f4-88a1-25ec7bd576fc,ROLE_OWNER;02fa6b30-6424-a5b0-10e4-815de8e960db,ROLE_ADMIN",10.34847/nkl.8eeczob9
6dd08-115.tif,published,http://purl.org/coar/resource_type/c_c513,"Livre d'entrées, MN, 6DD8, page 100",null,1850-1869,CC-BY-NC-SA-4.0,6dd08-115,"Paris, Musée du Louvre","Paris, Musée du Louvre","0d64c085-f8b5-45f4-88a1-25ec7bd576fc,ROLE_OWNER;02fa6b30-6424-a5b0-10e4-815de8e960db,ROLE_ADMIN",10.34847/nkl.8eeczob9
6dd08-116.tif,published,http://purl.org/coar/resource_type/c_c513,"Livre d'entrées, MN, 6DD8, page 102",null,1850-1869,CC-BY-NC-SA-4.0,6dd08-116,"Paris, Musée du Louvre","Paris, Musée du Louvre","0d64c085-f8b5-45f4-88a1-25ec7bd576fc,ROLE_OWNER;02fa6b30-6424-a5b0-10e4-815de8e960db,ROLE_ADMIN",10.34847/nkl.8eeczob9
6dd08-117.tif,published,http://purl.org/coar/resource_type/c_c513,"Livre d'entrées, MN, 6DD8, page 104",null,1850-1869,CC-BY-NC-SA-4.0,6dd08-117,"Paris, Musée du Louvre","Paris, Musée du Louvre","0d64c085-f8b5-45f4-88a1-25ec7bd576fc,ROLE_OWNER;02fa6b30-6424-a5b0-10e4-815de8e960db,ROLE_ADMIN",10.34847/nkl.8eeczob9
6dd08-118.tif,published,http://purl.org/coar/resource_type/c_c513,"Livre d'entrées, MN, 6DD8, page 106",null,1850-1869,CC-BY-NC-SA-4.0,6dd08-118,"Paris, Musée du Louvre","Paris, Musée du Louvre","0d64c085-f8b5-45f4-88a1-25ec7bd576fc,ROLE_OWNER;02fa6b30-6424-a5b0-10e4-815de8e960db,ROLE_ADMIN",10.34847/nkl.8eeczob9
6dd08-119.tif,published,http://purl.org/coar/resource_type/c_c513,"Livre d'entrées, MN, 6DD8, page 108",null,1850-1869,CC-BY-NC-SA-4.0,6dd08-119,"Paris, Musée du Louvre","Paris, Musée du Louvre","0d64c085-f8b5-45f4-88a1-25ec7bd576fc,ROLE_OWNER;02fa6b30-6424-a5b0-10e4-815de8e960db,ROLE_ADMIN",10.34847/nkl.8eeczob9
6dd08-120.tif,published,http://purl.org/coar/resource_type/c_c513,"Livre d'entrées, MN, 6DD8, page 110",null,1850-1869,CC-BY-NC-SA-4.0,6dd08-120,"Paris, Musée du Louvre","Paris, Musée du Louvre","0d64c085-f8b5-45f4-88a1-25ec7bd576fc,ROLE_OWNER;02fa6b30-6424-a5b0-10e4-815de8e960db,ROLE_ADMIN",10.34847/nkl.8eeczob9
6dd08-121.tif,published,http://purl.org/coar/resource_type/c_c513,"Livre d'entrées, MN, 6DD8, page 112",null,1850-1869,CC-BY-NC-SA-4.0,6dd08-121,"Paris, Musée du Louvre","Paris, Musée du Louvre","0d64c085-f8b5-45f4-88a1-25ec7bd576fc,ROLE_OWNER;02fa6b30-6424-a5b0-10e4-815de8e960db,ROLE_ADMIN",10.34847/nkl.8eeczob9
6dd08-122.tif,published,http://purl.org/coar/resource_type/c_c513,"Livre d'entrées, MN, 6DD8, page 114",null,1850-1869,CC-BY-NC-SA-4.0,6dd08-122,"Paris, Musée du Louvre","Paris, Musée du Louvre","0d64c085-f8b5-45f4-88a1-25ec7bd576fc,ROLE_OWNER;02fa6b30-6424-a5b0-10e4-815de8e960db,ROLE_ADMIN",10.34847/nkl.8eeczob9
6dd08-123.tif,published,http://purl.org/coar/resource_type/c_c513,"Livre d'entrées, MN, 6DD8, page 116",null,1850-1869,CC-BY-NC-SA-4.0,6dd08-123,"Paris, Musée du Louvre","Paris, Musée du Louvre","0d64c085-f8b5-45f4-88a1-25ec7bd576fc,ROLE_OWNER;02fa6b30-6424-a5b0-10e4-815de8e960db,ROLE_ADMIN",10.34847/nkl.8eeczob9
6dd08-124.tif,published,http://purl.org/coar/resource_type/c_c513,"Livre d'entrées, MN, 6DD8, page 118",null,1850-1869,CC-BY-NC-SA-4.0,6dd08-124,"Paris, Musée du Louvre","Paris, Musée du Louvre","0d64c085-f8b5-45f4-88a1-25ec7bd576fc,ROLE_OWNER;02fa6b30-6424-a5b0-10e4-815de8e960db,ROLE_ADMIN",10.34847/nkl.8eeczob9
1dd130-001.tif,published,http://purl.org/coar/resource_type/c_c514,"Livre d'entrées, N, 1DD130, page 1",null,1857,CC-BY-NC-SA-4.0,1dd130-001,"Paris, Musée du Louvre","Paris, Musée du Louvre","0d64c085-f8b5-45f4-88a1-25ec7bd576fc,ROLE_OWNER;02fa6b30-6424-a5b0-10e4-815de8e960db,ROLE_ADMIN",10.34847/nkl.8eeczob9
1dd130-002.tif,published,http://purl.org/coar/resource_type/c_c515,"Livre d'entrées, N, 1DD130, page 3",null,1857,CC-BY-NC-SA-4.0,1dd130-002,"Paris, Musée du Louvre","Paris, Musée du Louvre","0d64c085-f8b5-45f4-88a1-25ec7bd576fc,ROLE_OWNER;02fa6b30-6424-a5b0-10e4-815de8e960db,ROLE_ADMIN",10.34847/nkl.8eeczob9
1dd130-003.tif,published,http://purl.org/coar/resource_type/c_c516,"Livre d'entrées, N, 1DD130, page 5",null,1857,CC-BY-NC-SA-4.0,1dd130-003,"Paris, Musée du Louvre","Paris, Musée du Louvre","0d64c085-f8b5-45f4-88a1-25ec7bd576fc,ROLE_OWNER;02fa6b30-6424-a5b0-10e4-815de8e960db,ROLE_ADMIN",10.34847/nkl.8eeczob9
1dd130-004.tif,published,http://purl.org/coar/resource_type/c_c517,"Livre d'entrées, N, 1DD130, page 7",null,1857,CC-BY-NC-SA-4.0,1dd130-004,"Paris, Musée du Louvre","Paris, Musée du Louvre","0d64c085-f8b5-45f4-88a1-25ec7bd576fc,ROLE_OWNER;02fa6b30-6424-a5b0-10e4-815de8e960db,ROLE_ADMIN",10.34847/nkl.8eeczob9
1dd130-005.tif,published,http://purl.org/coar/resource_type/c_c518,"Livre d'entrées, N, 1DD130, page 9",null,1857,CC-BY-NC-SA-4.0,1dd130-005,"Paris, Musée du Louvre","Paris, Musée du Louvre","0d64c085-f8b5-45f4-88a1-25ec7bd576fc,ROLE_OWNER;02fa6b30-6424-a5b0-10e4-815de8e960db,ROLE_ADMIN",10.34847/nkl.8eeczob9
1dd130-006.tif,published,http://purl.org/coar/resource_type/c_c519,"Livre d'entrées, N, 1DD130, page 11",null,1857,CC-BY-NC-SA-4.0,1dd130-006,"Paris, Musée du Louvre","Paris, Musée du Louvre","0d64c085-f8b5-45f4-88a1-25ec7bd576fc,ROLE_OWNER;02fa6b30-6424-a5b0-10e4-815de8e960db,ROLE_ADMIN",10.34847/nkl.8eeczob9
1dd130-007.tif,published,http://purl.org/coar/resource_type/c_c520,"Livre d'entrées, N, 1DD130, page 13",null,1857,CC-BY-NC-SA-4.0,1dd130-007,"Paris, Musée du Louvre","Paris, Musée du Louvre","0d64c085-f8b5-45f4-88a1-25ec7bd576fc,ROLE_OWNER;02fa6b30-6424-a5b0-10e4-815de8e960db,ROLE_ADMIN",10.34847/nkl.8eeczob9
1dd130-008.tif,published,http://purl.org/coar/resource_type/c_c521,"Livre d'entrées, N, 1DD130, page 15",null,1857,CC-BY-NC-SA-4.0,1dd130-008,"Paris, Musée du Louvre","Paris, Musée du Louvre","0d64c085-f8b5-45f4-88a1-25ec7bd576fc,ROLE_OWNER;02fa6b30-6424-a5b0-10e4-815de8e960db,ROLE_ADMIN",10.34847/nkl.8eeczob9
1dd130-009.tif,published,http://purl.org/coar/resource_type/c_c522,"Livre d'entrées, N, 1DD130, page 17",null,1857,CC-BY-NC-SA-4.0,1dd130-009,"Paris, Musée du Louvre","Paris, Musée du Louvre","0d64c085-f8b5-45f4-88a1-25ec7bd576fc,ROLE_OWNER;02fa6b30-6424-a5b0-10e4-815de8e960db,ROLE_ADMIN",10.34847/nkl.8eeczob9
1dd130-010.tif,published,http://purl.org/coar/resource_type/c_c523,"Livre d'entrées, N, 1DD130, page 19",null,1857,CC-BY-NC-SA-4.0,1dd130-010,"Paris, Musée du Louvre","Paris, Musée du Louvre","0d64c085-f8b5-45f4-88a1-25ec7bd576fc,ROLE_OWNER;02fa6b30-6424-a5b0-10e4-815de8e960db,ROLE_ADMIN",10.34847/nkl.8eeczob9
1dd130-011.tif,published,http://purl.org/coar/resource_type/c_c524,"Livre d'entrées, N, 1DD130, page 21",null,1857,CC-BY-NC-SA-4.0,1dd130-011,"Paris, Musée du Louvre","Paris, Musée du Louvre","0d64c085-f8b5-45f4-88a1-25ec7bd576fc,ROLE_OWNER;02fa6b30-6424-a5b0-10e4-815de8e960db,ROLE_ADMIN",10.34847/nkl.8eeczob9
1dd130-012.tif,published,http://purl.org/coar/resource_type/c_c525,"Livre d'entrées, N, 1DD130, page 23",null,1857,CC-BY-NC-SA-4.0,1dd130-012,"Paris, Musée du Louvre","Paris, Musée du Louvre","0d64c085-f8b5-45f4-88a1-25ec7bd576fc,ROLE_OWNER;02fa6b30-6424-a5b0-10e4-815de8e960db,ROLE_ADMIN",10.34847/nkl.8eeczob9
1dd130-013.tif,published,http://purl.org/coar/resource_type/c_c526,"Livre d'entrées, N, 1DD130, page 25",null,1857,CC-BY-NC-SA-4.0,1dd130-013,"Paris, Musée du Louvre","Paris, Musée du Louvre","0d64c085-f8b5-45f4-88a1-25ec7bd576fc,ROLE_OWNER;02fa6b30-6424-a5b0-10e4-815de8e960db,ROLE_ADMIN",10.34847/nkl.8eeczob9
1dd130-014.tif,published,http://purl.org/coar/resource_type/c_c527,"Livre d'entrées, N, 1DD130, page 27",null,1857,CC-BY-NC-SA-4.0,1dd130-014,"Paris, Musée du Louvre","Paris, Musée du Louvre","0d64c085-f8b5-45f4-88a1-25ec7bd576fc,ROLE_OWNER;02fa6b30-6424-a5b0-10e4-815de8e960db,ROLE_ADMIN",10.34847/nkl.8eeczob9
1dd130-015.tif,published,http://purl.org/coar/resource_type/c_c528,"Livre d'entrées, N, 1DD130, page 29",null,1857,CC-BY-NC-SA-4.0,1dd130-015,"Paris, Musée du Louvre","Paris, Musée du Louvre","0d64c085-f8b5-45f4-88a1-25ec7bd576fc,ROLE_OWNER;02fa6b30-6424-a5b0-10e4-815de8e960db,ROLE_ADMIN",10.34847/nkl.8eeczob9
1dd130-016.tif,published,http://purl.org/coar/resource_type/c_c529,"Livre d'entrées, N, 1DD130, page 31",null,1857,CC-BY-NC-SA-4.0,1dd130-016,"Paris, Musée du Louvre","Paris, Musée du Louvre","0d64c085-f8b5-45f4-88a1-25ec7bd576fc,ROLE_OWNER;02fa6b30-6424-a5b0-10e4-815de8e960db,ROLE_ADMIN",10.34847/nkl.8eeczob9
1dd130-017.tif,published,http://purl.org/coar/resource_type/c_c530,"Livre d'entrées, N, 1DD130, page 33",null,1857,CC-BY-NC-SA-4.0,1dd130-017,"Paris, Musée du Louvre","Paris, Musée du Louvre","0d64c085-f8b5-45f4-88a1-25ec7bd576fc,ROLE_OWNER;02fa6b30-6424-a5b0-10e4-815de8e960db,ROLE_ADMIN",10.34847/nkl.8eeczob9
1dd130-018.tif,published,http://purl.org/coar/resource_type/c_c531,"Livre d'entrées, N, 1DD130, page 35",null,1857,CC-BY-NC-SA-4.0,1dd130-018,"Paris, Musée du Louvre","Paris, Musée du Louvre","0d64c085-f8b5-45f4-88a1-25ec7bd576fc,ROLE_OWNER;02fa6b30-6424-a5b0-10e4-815de8e960db,ROLE_ADMIN",10.34847/nkl.8eeczob9
1dd130-019.tif,published,http://purl.org/coar/resource_type/c_c532,"Livre d'entrées, N, 1DD130, page 37",null,1857,CC-BY-NC-SA-4.0,1dd130-019,"Paris, Musée du Louvre","Paris, Musée du Louvre","0d64c085-f8b5-45f4-88a1-25ec7bd576fc,ROLE_OWNER;02fa6b30-6424-a5b0-10e4-815de8e960db,ROLE_ADMIN",10.34847/nkl.8eeczob9
1dd130-020.tif,published,http://purl.org/coar/resource_type/c_c533,"Livre d'entrées, N, 1DD130, page 39",null,1857,CC-BY-NC-SA-4.0,1dd130-020,"Paris, Musée du Louvre","Paris, Musée du Louvre","0d64c085-f8b5-45f4-88a1-25ec7bd576fc,ROLE_OWNER;02fa6b30-6424-a5b0-10e4-815de8e960db,ROLE_ADMIN",10.34847/nkl.8eeczob9
1dd130-021.tif,published,http://purl.org/coar/resource_type/c_c534,"Livre d'entrées, N, 1DD130, page 41",null,1857,CC-BY-NC-SA-4.0,1dd130-021,"Paris, Musée du Louvre","Paris, Musée du Louvre","0d64c085-f8b5-45f4-88a1-25ec7bd576fc,ROLE_OWNER;02fa6b30-6424-a5b0-10e4-815de8e960db,ROLE_ADMIN",10.34847/nkl.8eeczob9
1dd130-022.tif,published,http://purl.org/coar/resource_type/c_c535,"Livre d'entrées, N, 1DD130, page 43",null,1857,CC-BY-NC-SA-4.0,1dd130-022,"Paris, Musée du Louvre","Paris, Musée du Louvre","0d64c085-f8b5-45f4-88a1-25ec7bd576fc,ROLE_OWNER;02fa6b30-6424-a5b0-10e4-815de8e960db,ROLE_ADMIN",10.34847/nkl.8eeczob9
1dd130-023.tif,published,http://purl.org/coar/resource_type/c_c536,"Livre d'entrées, N, 1DD130, page 45",null,1857,CC-BY-NC-SA-4.0,1dd130-023,"Paris, Musée du Louvre","Paris, Musée du Louvre","0d64c085-f8b5-45f4-88a1-25ec7bd576fc,ROLE_OWNER;02fa6b30-6424-a5b0-10e4-815de8e960db,ROLE_ADMIN",10.34847/nkl.8eeczob9
1dd130-024.tif,published,http://purl.org/coar/resource_type/c_c537,"Livre d'entrées, N, 1DD130, page 47",null,1857,CC-BY-NC-SA-4.0,1dd130-024,"Paris, Musée du Louvre","Paris, Musée du Louvre","0d64c085-f8b5-45f4-88a1-25ec7bd576fc,ROLE_OWNER;02fa6b30-6424-a5b0-10e4-815de8e960db,ROLE_ADMIN",10.34847/nkl.8eeczob9
1dd130-025.tif,published,http://purl.org/coar/resource_type/c_c538,"Livre d'entrées, N, 1DD130, page 49",null,1857,CC-BY-NC-SA-4.0,1dd130-025,"Paris, Musée du Louvre","Paris, Musée du Louvre","0d64c085-f8b5-45f4-88a1-25ec7bd576fc,ROLE_OWNER;02fa6b30-6424-a5b0-10e4-815de8e960db,ROLE_ADMIN",10.34847/nkl.8eeczob9
1dd130-026.tif,published,http://purl.org/coar/resource_type/c_c539,"Livre d'entrées, N, 1DD130, page 51",null,1857,CC-BY-NC-SA-4.0,1dd130-026,"Paris, Musée du Louvre","Paris, Musée du Louvre","0d64c085-f8b5-45f4-88a1-25ec7bd576fc,ROLE_OWNER;02fa6b30-6424-a5b0-10e4-815de8e960db,ROLE_ADMIN",10.34847/nkl.8eeczob9
1dd130-027.tif,published,http://purl.org/coar/resource_type/c_c540,"Livre d'entrées, N, 1DD130, page 53",null,1857,CC-BY-NC-SA-4.0,1dd130-027,"Paris, Musée du Louvre","Paris, Musée du Louvre","0d64c085-f8b5-45f4-88a1-25ec7bd576fc,ROLE_OWNER;02fa6b30-6424-a5b0-10e4-815de8e960db,ROLE_ADMIN",10.34847/nkl.8eeczob9
1dd130-028.tif,published,http://purl.org/coar/resource_type/c_c541,"Livre d'entrées, N, 1DD130, page 55",null,1857,CC-BY-NC-SA-4.0,1dd130-028,"Paris, Musée du Louvre","Paris, Musée du Louvre","0d64c085-f8b5-45f4-88a1-25ec7bd576fc,ROLE_OWNER;02fa6b30-6424-a5b0-10e4-815de8e960db,ROLE_ADMIN",10.34847/nkl.8eeczob9
1dd130-029.tif,published,http://purl.org/coar/resource_type/c_c542,"Livre d'entrées, N, 1DD130, page 57",null,1857,CC-BY-NC-SA-4.0,1dd130-029,"Paris, Musée du Louvre","Paris, Musée du Louvre","0d64c085-f8b5-45f4-88a1-25ec7bd576fc,ROLE_OWNER;02fa6b30-6424-a5b0-10e4-815de8e960db,ROLE_ADMIN",10.34847/nkl.8eeczob9
1dd130-030.tif,published,http://purl.org/coar/resource_type/c_c543,"Livre d'entrées, N, 1DD130, page 59",null,1857,CC-BY-NC-SA-4.0,1dd130-030,"Paris, Musée du Louvre","Paris, Musée du Louvre","0d64c085-f8b5-45f4-88a1-25ec7bd576fc,ROLE_OWNER;02fa6b30-6424-a5b0-10e4-815de8e960db,ROLE_ADMIN",10.34847/nkl.8eeczob9
1dd130-031.tif,published,http://purl.org/coar/resource_type/c_c544,"Livre d'entrées, N, 1DD130, page 61",null,1857,CC-BY-NC-SA-4.0,1dd130-031,"Paris, Musée du Louvre","Paris, Musée du Louvre","0d64c085-f8b5-45f4-88a1-25ec7bd576fc,ROLE_OWNER;02fa6b30-6424-a5b0-10e4-815de8e960db,ROLE_ADMIN",10.34847/nkl.8eeczob9
1dd130-032.tif,published,http://purl.org/coar/resource_type/c_c545,"Livre d'entrées, N, 1DD130, page 63",null,1857,CC-BY-NC-SA-4.0,1dd130-032,"Paris, Musée du Louvre","Paris, Musée du Louvre","0d64c085-f8b5-45f4-88a1-25ec7bd576fc,ROLE_OWNER;02fa6b30-6424-a5b0-10e4-815de8e960db,ROLE_ADMIN",10.34847/nkl.8eeczob9
1dd130-033.tif,published,http://purl.org/coar/resource_type/c_c546,"Livre d'entrées, N, 1DD130, page 65",null,1857,CC-BY-NC-SA-4.0,1dd130-033,"Paris, Musée du Louvre","Paris, Musée du Louvre","0d64c085-f8b5-45f4-88a1-25ec7bd576fc,ROLE_OWNER;02fa6b30-6424-a5b0-10e4-815de8e960db,ROLE_ADMIN",10.34847/nkl.8eeczob9
1dd130-034.tif,published,http://purl.org/coar/resource_type/c_c547,"Livre d'entrées, N, 1DD130, page 67",null,1857,CC-BY-NC-SA-4.0,1dd130-034,"Paris, Musée du Louvre","Paris, Musée du Louvre","0d64c085-f8b5-45f4-88a1-25ec7bd576fc,ROLE_OWNER;02fa6b30-6424-a5b0-10e4-815de8e960db,ROLE_ADMIN",10.34847/nkl.8eeczob9
1dd130-035.tif,published,http://purl.org/coar/resource_type/c_c548,"Livre d'entrées, N, 1DD130, page 69",null,1857,CC-BY-NC-SA-4.0,1dd130-035,"Paris, Musée du Louvre","Paris, Musée du Louvre","0d64c085-f8b5-45f4-88a1-25ec7bd576fc,ROLE_OWNER;02fa6b30-6424-a5b0-10e4-815de8e960db,ROLE_ADMIN",10.34847/nkl.8eeczob9
1dd130-036.tif,published,http://purl.org/coar/resource_type/c_c549,"Livre d'entrées, N, 1DD130, page 71",null,1857,CC-BY-NC-SA-4.0,1dd130-036,"Paris, Musée du Louvre","Paris, Musée du Louvre","0d64c085-f8b5-45f4-88a1-25ec7bd576fc,ROLE_OWNER;02fa6b30-6424-a5b0-10e4-815de8e960db,ROLE_ADMIN",10.34847/nkl.8eeczob9
1dd130-037.tif,published,http://purl.org/coar/resource_type/c_c550,"Livre d'entrées, N, 1DD130, page 73",null,1857,CC-BY-NC-SA-4.0,1dd130-037,"Paris, Musée du Louvre","Paris, Musée du Louvre","0d64c085-f8b5-45f4-88a1-25ec7bd576fc,ROLE_OWNER;02fa6b30-6424-a5b0-10e4-815de8e960db,ROLE_ADMIN",10.34847/nkl.8eeczob9
1dd130-038.tif,published,http://purl.org/coar/resource_type/c_c551,"Livre d'entrées, N, 1DD130, page 75",null,1857,CC-BY-NC-SA-4.0,1dd130-038,"Paris, Musée du Louvre","Paris, Musée du Louvre","0d64c085-f8b5-45f4-88a1-25ec7bd576fc,ROLE_OWNER;02fa6b30-6424-a5b0-10e4-815de8e960db,ROLE_ADMIN",10.34847/nkl.8eeczob9
1dd130-039.tif,published,http://purl.org/coar/resource_type/c_c552,"Livre d'entrées, N, 1DD130, page 77",null,1857,CC-BY-NC-SA-4.0,1dd130-039,"Paris, Musée du Louvre","Paris, Musée du Louvre","0d64c085-f8b5-45f4-88a1-25ec7bd576fc,ROLE_OWNER;02fa6b30-6424-a5b0-10e4-815de8e960db,ROLE_ADMIN",10.34847/nkl.8eeczob9
1dd130-040.tif,published,http://purl.org/coar/resource_type/c_c553,"Livre d'entrées, N, 1DD130, page 79",null,1857,CC-BY-NC-SA-4.0,1dd130-040,"Paris, Musée du Louvre","Paris, Musée du Louvre","0d64c085-f8b5-45f4-88a1-25ec7bd576fc,ROLE_OWNER;02fa6b30-6424-a5b0-10e4-815de8e960db,ROLE_ADMIN",10.34847/nkl.8eeczob9
1dd130-041.tif,published,http://purl.org/coar/resource_type/c_c554,"Livre d'entrées, N, 1DD130, page 81",null,1857,CC-BY-NC-SA-4.0,1dd130-041,"Paris, Musée du Louvre","Paris, Musée du Louvre","0d64c085-f8b5-45f4-88a1-25ec7bd576fc,ROLE_OWNER;02fa6b30-6424-a5b0-10e4-815de8e960db,ROLE_ADMIN",10.34847/nkl.8eeczob9
1dd130-042.tif,published,http://purl.org/coar/resource_type/c_c555,"Livre d'entrées, N, 1DD130, page 83",null,1857,CC-BY-NC-SA-4.0,1dd130-042,"Paris, Musée du Louvre","Paris, Musée du Louvre","0d64c085-f8b5-45f4-88a1-25ec7bd576fc,ROLE_OWNER;02fa6b30-6424-a5b0-10e4-815de8e960db,ROLE_ADMIN",10.34847/nkl.8eeczob9
1dd130-043.tif,published,http://purl.org/coar/resource_type/c_c556,"Livre d'entrées, N, 1DD130, page 85",null,1857,CC-BY-NC-SA-4.0,1dd130-043,"Paris, Musée du Louvre","Paris, Musée du Louvre","0d64c085-f8b5-45f4-88a1-25ec7bd576fc,ROLE_OWNER;02fa6b30-6424-a5b0-10e4-815de8e960db,ROLE_ADMIN",10.34847/nkl.8eeczob9
1dd130-044.tif,published,http://purl.org/coar/resource_type/c_c557,"Livre d'entrées, N, 1DD130, page 87",null,1857,CC-BY-NC-SA-4.0,1dd130-044,"Paris, Musée du Louvre","Paris, Musée du Louvre","0d64c085-f8b5-45f4-88a1-25ec7bd576fc,ROLE_OWNER;02fa6b30-6424-a5b0-10e4-815de8e960db,ROLE_ADMIN",10.34847/nkl.8eeczob9
1dd130-045.tif,published,http://purl.org/coar/resource_type/c_c558,"Livre d'entrées, N, 1DD130, page 89",null,1857,CC-BY-NC-SA-4.0,1dd130-045,"Paris, Musée du Louvre","Paris, Musée du Louvre","0d64c085-f8b5-45f4-88a1-25ec7bd576fc,ROLE_OWNER;02fa6b30-6424-a5b0-10e4-815de8e960db,ROLE_ADMIN",10.34847/nkl.8eeczob9
1dd130-046.tif,published,http://purl.org/coar/resource_type/c_c559,"Livre d'entrées, N, 1DD130, page 91",null,1857,CC-BY-NC-SA-4.0,1dd130-046,"Paris, Musée du Louvre","Paris, Musée du Louvre","0d64c085-f8b5-45f4-88a1-25ec7bd576fc,ROLE_OWNER;02fa6b30-6424-a5b0-10e4-815de8e960db,ROLE_ADMIN",10.34847/nkl.8eeczob9
1dd130-047.tif,published,http://purl.org/coar/resource_type/c_c560,"Livre d'entrées, N, 1DD130, page 93",null,1857,CC-BY-NC-SA-4.0,1dd130-047,"Paris, Musée du Louvre","Paris, Musée du Louvre","0d64c085-f8b5-45f4-88a1-25ec7bd576fc,ROLE_OWNER;02fa6b30-6424-a5b0-10e4-815de8e960db,ROLE_ADMIN",10.34847/nkl.8eeczob9
1dd130-048.tif,published,http://purl.org/coar/resource_type/c_c561,"Livre d'entrées, N, 1DD130, page 95",null,1857,CC-BY-NC-SA-4.0,1dd130-048,"Paris, Musée du Louvre","Paris, Musée du Louvre","0d64c085-f8b5-45f4-88a1-25ec7bd576fc,ROLE_OWNER;02fa6b30-6424-a5b0-10e4-815de8e960db,ROLE_ADMIN",10.34847/nkl.8eeczob9
1dd130-049.tif,published,http://purl.org/coar/resource_type/c_c562,"Livre d'entrées, N, 1DD130, page 97",null,1857,CC-BY-NC-SA-4.0,1dd130-049,"Paris, Musée du Louvre","Paris, Musée du Louvre","0d64c085-f8b5-45f4-88a1-25ec7bd576fc,ROLE_OWNER;02fa6b30-6424-a5b0-10e4-815de8e960db,ROLE_ADMIN",10.34847/nkl.8eeczob9
1dd130-050.tif,published,http://purl.org/coar/resource_type/c_c563,"Livre d'entrées, N, 1DD130, page 99",null,1857,CC-BY-NC-SA-4.0,1dd130-050,"Paris, Musée du Louvre","Paris, Musée du Louvre","0d64c085-f8b5-45f4-88a1-25ec7bd576fc,ROLE_OWNER;02fa6b30-6424-a5b0-10e4-815de8e960db,ROLE_ADMIN",10.34847/nkl.8eeczob9
1dd130-051.tif,published,http://purl.org/coar/resource_type/c_c564,"Livre d'entrées, N, 1DD130, page 101",null,1857,CC-BY-NC-SA-4.0,1dd130-051,"Paris, Musée du Louvre","Paris, Musée du Louvre","0d64c085-f8b5-45f4-88a1-25ec7bd576fc,ROLE_OWNER;02fa6b30-6424-a5b0-10e4-815de8e960db,ROLE_ADMIN",10.34847/nkl.8eeczob9
1dd130-052.tif,published,http://purl.org/coar/resource_type/c_c565,"Livre d'entrées, N, 1DD130, page 103",null,1857,CC-BY-NC-SA-4.0,1dd130-052,"Paris, Musée du Louvre","Paris, Musée du Louvre","0d64c085-f8b5-45f4-88a1-25ec7bd576fc,ROLE_OWNER;02fa6b30-6424-a5b0-10e4-815de8e960db,ROLE_ADMIN",10.34847/nkl.8eeczob9
1dd130-053.tif,published,http://purl.org/coar/resource_type/c_c566,"Livre d'entrées, N, 1DD130, page 105",null,1857,CC-BY-NC-SA-4.0,1dd130-053,"Paris, Musée du Louvre","Paris, Musée du Louvre","0d64c085-f8b5-45f4-88a1-25ec7bd576fc,ROLE_OWNER;02fa6b30-6424-a5b0-10e4-815de8e960db,ROLE_ADMIN",10.34847/nkl.8eeczob9
1dd130-054.tif,published,http://purl.org/coar/resource_type/c_c567,"Livre d'entrées, N, 1DD130, page 107",null,1857,CC-BY-NC-SA-4.0,1dd130-054,"Paris, Musée du Louvre","Paris, Musée du Louvre","0d64c085-f8b5-45f4-88a1-25ec7bd576fc,ROLE_OWNER;02fa6b30-6424-a5b0-10e4-815de8e960db,ROLE_ADMIN",10.34847/nkl.8eeczob9
1dd130-055.tif,published,http://purl.org/coar/resource_type/c_c568,"Livre d'entrées, N, 1DD130, page 109",null,1857,CC-BY-NC-SA-4.0,1dd130-055,"Paris, Musée du Louvre","Paris, Musée du Louvre","0d64c085-f8b5-45f4-88a1-25ec7bd576fc,ROLE_OWNER;02fa6b30-6424-a5b0-10e4-815de8e960db,ROLE_ADMIN",10.34847/nkl.8eeczob9
1dd130-056.tif,published,http://purl.org/coar/resource_type/c_c569,"Livre d'entrées, N, 1DD130, page 111",null,1857,CC-BY-NC-SA-4.0,1dd130-056,"Paris, Musée du Louvre","Paris, Musée du Louvre","0d64c085-f8b5-45f4-88a1-25ec7bd576fc,ROLE_OWNER;02fa6b30-6424-a5b0-10e4-815de8e960db,ROLE_ADMIN",10.34847/nkl.8eeczob9
1dd130-057.tif,published,http://purl.org/coar/resource_type/c_c570,"Livre d'entrées, N, 1DD130, page 113",null,1857,CC-BY-NC-SA-4.0,1dd130-057,"Paris, Musée du Louvre","Paris, Musée du Louvre","0d64c085-f8b5-45f4-88a1-25ec7bd576fc,ROLE_OWNER;02fa6b30-6424-a5b0-10e4-815de8e960db,ROLE_ADMIN",10.34847/nkl.8eeczob9
1dd130-058.tif,published,http://purl.org/coar/resource_type/c_c571,"Livre d'entrées, N, 1DD130, page 115",null,1857,CC-BY-NC-SA-4.0,1dd130-058,"Paris, Musée du Louvre","Paris, Musée du Louvre","0d64c085-f8b5-45f4-88a1-25ec7bd576fc,ROLE_OWNER;02fa6b30-6424-a5b0-10e4-815de8e960db,ROLE_ADMIN",10.34847/nkl.8eeczob9
1dd130-059.tif,published,http://purl.org/coar/resource_type/c_c572,"Livre d'entrées, N, 1DD130, page 117",null,1857,CC-BY-NC-SA-4.0,1dd130-059,"Paris, Musée du Louvre","Paris, Musée du Louvre","0d64c085-f8b5-45f4-88a1-25ec7bd576fc,ROLE_OWNER;02fa6b30-6424-a5b0-10e4-815de8e960db,ROLE_ADMIN",10.34847/nkl.8eeczob9
1dd130-060.tif,published,http://purl.org/coar/resource_type/c_c573,"Livre d'entrées, N, 1DD130, page 119",null,1857,CC-BY-NC-SA-4.0,1dd130-060,"Paris, Musée du Louvre","Paris, Musée du Louvre","0d64c085-f8b5-45f4-88a1-25ec7bd576fc,ROLE_OWNER;02fa6b30-6424-a5b0-10e4-815de8e960db,ROLE_ADMIN",10.34847/nkl.8eeczob9
1dd130-061.tif,published,http://purl.org/coar/resource_type/c_c574,"Livre d'entrées, N, 1DD130, page 121",null,1857,CC-BY-NC-SA-4.0,1dd130-061,"Paris, Musée du Louvre","Paris, Musée du Louvre","0d64c085-f8b5-45f4-88a1-25ec7bd576fc,ROLE_OWNER;02fa6b30-6424-a5b0-10e4-815de8e960db,ROLE_ADMIN",10.34847/nkl.8eeczob9
1dd130-062.tif,published,http://purl.org/coar/resource_type/c_c575,"Livre d'entrées, N, 1DD130, page 123",null,1857,CC-BY-NC-SA-4.0,1dd130-062,"Paris, Musée du Louvre","Paris, Musée du Louvre","0d64c085-f8b5-45f4-88a1-25ec7bd576fc,ROLE_OWNER;02fa6b30-6424-a5b0-10e4-815de8e960db,ROLE_ADMIN",10.34847/nkl.8eeczob9
1dd130-063.tif,published,http://purl.org/coar/resource_type/c_c576,"Livre d'entrées, N, 1DD130, page 125",null,1857,CC-BY-NC-SA-4.0,1dd130-063,"Paris, Musée du Louvre","Paris, Musée du Louvre","0d64c085-f8b5-45f4-88a1-25ec7bd576fc,ROLE_OWNER;02fa6b30-6424-a5b0-10e4-815de8e960db,ROLE_ADMIN",10.34847/nkl.8eeczob9
1dd130-064.tif,published,http://purl.org/coar/resource_type/c_c577,"Livre d'entrées, N, 1DD130, page 127",null,1857,CC-BY-NC-SA-4.0,1dd130-064,"Paris, Musée du Louvre","Paris, Musée du Louvre","0d64c085-f8b5-45f4-88a1-25ec7bd576fc,ROLE_OWNER;02fa6b30-6424-a5b0-10e4-815de8e960db,ROLE_ADMIN",10.34847/nkl.8eeczob9
1dd130-065.tif,published,http://purl.org/coar/resource_type/c_c578,"Livre d'entrées, N, 1DD130, page 129",null,1857,CC-BY-NC-SA-4.0,1dd130-065,"Paris, Musée du Louvre","Paris, Musée du Louvre","0d64c085-f8b5-45f4-88a1-25ec7bd576fc,ROLE_OWNER;02fa6b30-6424-a5b0-10e4-815de8e960db,ROLE_ADMIN",10.34847/nkl.8eeczob9
1dd130-066.tif,published,http://purl.org/coar/resource_type/c_c579,"Livre d'entrées, N, 1DD130, page 131",null,1857,CC-BY-NC-SA-4.0,1dd130-066,"Paris, Musée du Louvre","Paris, Musée du Louvre","0d64c085-f8b5-45f4-88a1-25ec7bd576fc,ROLE_OWNER;02fa6b30-6424-a5b0-10e4-815de8e960db,ROLE_ADMIN",10.34847/nkl.8eeczob9
1dd130-067.tif,published,http://purl.org/coar/resource_type/c_c580,"Livre d'entrées, N, 1DD130, page 133",null,1857,CC-BY-NC-SA-4.0,1dd130-067,"Paris, Musée du Louvre","Paris, Musée du Louvre","0d64c085-f8b5-45f4-88a1-25ec7bd576fc,ROLE_OWNER;02fa6b30-6424-a5b0-10e4-815de8e960db,ROLE_ADMIN",10.34847/nkl.8eeczob9
1dd130-068.tif,published,http://purl.org/coar/resource_type/c_c581,"Livre d'entrées, N, 1DD130, page 135",null,1857,CC-BY-NC-SA-4.0,1dd130-068,"Paris, Musée du Louvre","Paris, Musée du Louvre","0d64c085-f8b5-45f4-88a1-25ec7bd576fc,ROLE_OWNER;02fa6b30-6424-a5b0-10e4-815de8e960db,ROLE_ADMIN",10.34847/nkl.8eeczob9
1dd130-069.tif,published,http://purl.org/coar/resource_type/c_c582,"Livre d'entrées, N, 1DD130, page 137",null,1857,CC-BY-NC-SA-4.0,1dd130-069,"Paris, Musée du Louvre","Paris, Musée du Louvre","0d64c085-f8b5-45f4-88a1-25ec7bd576fc,ROLE_OWNER;02fa6b30-6424-a5b0-10e4-815de8e960db,ROLE_ADMIN",10.34847/nkl.8eeczob9
1dd130-070.tif,published,http://purl.org/coar/resource_type/c_c583,"Livre d'entrées, N, 1DD130, page 139",null,1857,CC-BY-NC-SA-4.0,1dd130-070,"Paris, Musée du Louvre","Paris, Musée du Louvre","0d64c085-f8b5-45f4-88a1-25ec7bd576fc,ROLE_OWNER;02fa6b30-6424-a5b0-10e4-815de8e960db,ROLE_ADMIN",10.34847/nkl.8eeczob9
1dd130-071.tif,published,http://purl.org/coar/resource_type/c_c584,"Livre d'entrées, N, 1DD130, page 141",null,1857,CC-BY-NC-SA-4.0,1dd130-071,"Paris, Musée du Louvre","Paris, Musée du Louvre","0d64c085-f8b5-45f4-88a1-25ec7bd576fc,ROLE_OWNER;02fa6b30-6424-a5b0-10e4-815de8e960db,ROLE_ADMIN",10.34847/nkl.8eeczob9
1dd130-072.tif,published,http://purl.org/coar/resource_type/c_c585,"Livre d'entrées, N, 1DD130, page 143",null,1857,CC-BY-NC-SA-4.0,1dd130-072,"Paris, Musée du Louvre","Paris, Musée du Louvre","0d64c085-f8b5-45f4-88a1-25ec7bd576fc,ROLE_OWNER;02fa6b30-6424-a5b0-10e4-815de8e960db,ROLE_ADMIN",10.34847/nkl.8eeczob9
