filenames,status,datatype,title,authors,date,licence,identifier,publisher,rightsHolder,rights,collectionIDs
EPML_SHL_INVMOB06_000_a_1_HD.tif,unpublished,http://purl.org/coar/resource_type/c_c513,"Enregistrement des objets isolés, Cahier VI, couverture",null,1985,CC-BY-NC-SA-4.0,EPML_SHL_INVMOB06_000_a_1,"Paris, Musée du Louvre","Paris, Musée du Louvre","0d64c085-f8b5-45f4-88a1-25ec7bd576fc,ROLE_OWNER;02fa6b30-6424-a5b0-10e4-815de8e960db,ROLE_ADMIN",10.34847/nkl.8eeczob9
EPML_SHL_INVMOB06_000_a_2_HD.tif,unpublished,http://purl.org/coar/resource_type/c_c513,"Enregistrement des objets isolés, Cahier VI, liste  des abréviations",null,1985,CC-BY-NC-SA-4.0,EPML_SHL_INVMOB06_000_a_2,"Paris, Musée du Louvre","Paris, Musée du Louvre","0d64c085-f8b5-45f4-88a1-25ec7bd576fc,ROLE_OWNER;02fa6b30-6424-a5b0-10e4-815de8e960db,ROLE_ADMIN",10.34847/nkl.8eeczob9
EPML_SHL_INVMOB06_000_b_HD.tif,unpublished,http://purl.org/coar/resource_type/c_c513,"Enregistrement des objets isolés, Cahier VI, page de titre",null,1985,CC-BY-NC-SA-4.0,EPML_SHL_INVMOB06_000_b,"Paris, Musée du Louvre","Paris, Musée du Louvre","0d64c085-f8b5-45f4-88a1-25ec7bd576fc,ROLE_OWNER;02fa6b30-6424-a5b0-10e4-815de8e960db,ROLE_ADMIN",10.34847/nkl.8eeczob9
EPML_SHL_INVMOB06_001_HD.tif,unpublished,http://purl.org/coar/resource_type/c_c513,"Enregistrement des objets isolés, Cahier VI, page 1",null,1985,CC-BY-NC-SA-4.0,EPML_SHL_INVMOB06_001,"Paris, Musée du Louvre","Paris, Musée du Louvre","0d64c085-f8b5-45f4-88a1-25ec7bd576fc,ROLE_OWNER;02fa6b30-6424-a5b0-10e4-815de8e960db,ROLE_ADMIN",10.34847/nkl.8eeczob9
EPML_SHL_INVMOB06_002_HD.tif,unpublished,http://purl.org/coar/resource_type/c_c513,"Enregistrement des objets isolés, Cahier VI, page 2",null,1985,CC-BY-NC-SA-4.0,EPML_SHL_INVMOB06_002,"Paris, Musée du Louvre","Paris, Musée du Louvre","0d64c085-f8b5-45f4-88a1-25ec7bd576fc,ROLE_OWNER;02fa6b30-6424-a5b0-10e4-815de8e960db,ROLE_ADMIN",10.34847/nkl.8eeczob9
EPML_SHL_INVMOB06_003_HD.tif,unpublished,http://purl.org/coar/resource_type/c_c513,"Enregistrement des objets isolés, Cahier VI, page 3",null,1985,CC-BY-NC-SA-4.0,EPML_SHL_INVMOB06_003,"Paris, Musée du Louvre","Paris, Musée du Louvre","0d64c085-f8b5-45f4-88a1-25ec7bd576fc,ROLE_OWNER;02fa6b30-6424-a5b0-10e4-815de8e960db,ROLE_ADMIN",10.34847/nkl.8eeczob9
EPML_SHL_INVMOB06_004_HD.tif,unpublished,http://purl.org/coar/resource_type/c_c513,"Enregistrement des objets isolés, Cahier VI, page 4",null,1985,CC-BY-NC-SA-4.0,EPML_SHL_INVMOB06_004,"Paris, Musée du Louvre","Paris, Musée du Louvre","0d64c085-f8b5-45f4-88a1-25ec7bd576fc,ROLE_OWNER;02fa6b30-6424-a5b0-10e4-815de8e960db,ROLE_ADMIN",10.34847/nkl.8eeczob9
EPML_SHL_INVMOB06_005_HD.tif,unpublished,http://purl.org/coar/resource_type/c_c513,"Enregistrement des objets isolés, Cahier VI, page 5",null,1985,CC-BY-NC-SA-4.0,EPML_SHL_INVMOB06_005,"Paris, Musée du Louvre","Paris, Musée du Louvre","0d64c085-f8b5-45f4-88a1-25ec7bd576fc,ROLE_OWNER;02fa6b30-6424-a5b0-10e4-815de8e960db,ROLE_ADMIN",10.34847/nkl.8eeczob9
EPML_SHL_INVMOB06_006_HD.tif,unpublished,http://purl.org/coar/resource_type/c_c513,"Enregistrement des objets isolés, Cahier VI, page 6",null,1985,CC-BY-NC-SA-4.0,EPML_SHL_INVMOB06_006,"Paris, Musée du Louvre","Paris, Musée du Louvre","0d64c085-f8b5-45f4-88a1-25ec7bd576fc,ROLE_OWNER;02fa6b30-6424-a5b0-10e4-815de8e960db,ROLE_ADMIN",10.34847/nkl.8eeczob9
EPML_SHL_INVMOB06_007_HD.tif,unpublished,http://purl.org/coar/resource_type/c_c513,"Enregistrement des objets isolés, Cahier VI, page 7",null,1985,CC-BY-NC-SA-4.0,EPML_SHL_INVMOB06_007,"Paris, Musée du Louvre","Paris, Musée du Louvre","0d64c085-f8b5-45f4-88a1-25ec7bd576fc,ROLE_OWNER;02fa6b30-6424-a5b0-10e4-815de8e960db,ROLE_ADMIN",10.34847/nkl.8eeczob9
EPML_SHL_INVMOB06_008_HD.tif,unpublished,http://purl.org/coar/resource_type/c_c513,"Enregistrement des objets isolés, Cahier VI, page 8",null,1985,CC-BY-NC-SA-4.0,EPML_SHL_INVMOB06_008,"Paris, Musée du Louvre","Paris, Musée du Louvre","0d64c085-f8b5-45f4-88a1-25ec7bd576fc,ROLE_OWNER;02fa6b30-6424-a5b0-10e4-815de8e960db,ROLE_ADMIN",10.34847/nkl.8eeczob9
EPML_SHL_INVMOB06_009_HD.tif,unpublished,http://purl.org/coar/resource_type/c_c513,"Enregistrement des objets isolés, Cahier VI, page 9",null,1985,CC-BY-NC-SA-4.0,EPML_SHL_INVMOB06_009,"Paris, Musée du Louvre","Paris, Musée du Louvre","0d64c085-f8b5-45f4-88a1-25ec7bd576fc,ROLE_OWNER;02fa6b30-6424-a5b0-10e4-815de8e960db,ROLE_ADMIN",10.34847/nkl.8eeczob9
EPML_SHL_INVMOB06_010_HD.tif,unpublished,http://purl.org/coar/resource_type/c_c513,"Enregistrement des objets isolés, Cahier VI, page 10",null,1985,CC-BY-NC-SA-4.0,EPML_SHL_INVMOB06_010,"Paris, Musée du Louvre","Paris, Musée du Louvre","0d64c085-f8b5-45f4-88a1-25ec7bd576fc,ROLE_OWNER;02fa6b30-6424-a5b0-10e4-815de8e960db,ROLE_ADMIN",10.34847/nkl.8eeczob9
EPML_SHL_INVMOB06_011_HD.tif,unpublished,http://purl.org/coar/resource_type/c_c513,"Enregistrement des objets isolés, Cahier VI, page 11",null,1985,CC-BY-NC-SA-4.0,EPML_SHL_INVMOB06_011,"Paris, Musée du Louvre","Paris, Musée du Louvre","0d64c085-f8b5-45f4-88a1-25ec7bd576fc,ROLE_OWNER;02fa6b30-6424-a5b0-10e4-815de8e960db,ROLE_ADMIN",10.34847/nkl.8eeczob9
EPML_SHL_INVMOB06_012_HD.tif,unpublished,http://purl.org/coar/resource_type/c_c513,"Enregistrement des objets isolés, Cahier VI, page 12",null,1985,CC-BY-NC-SA-4.0,EPML_SHL_INVMOB06_012,"Paris, Musée du Louvre","Paris, Musée du Louvre","0d64c085-f8b5-45f4-88a1-25ec7bd576fc,ROLE_OWNER;02fa6b30-6424-a5b0-10e4-815de8e960db,ROLE_ADMIN",10.34847/nkl.8eeczob9
EPML_SHL_INVMOB06_013_HD.tif,unpublished,http://purl.org/coar/resource_type/c_c513,"Enregistrement des objets isolés, Cahier VI, page 13",null,1985,CC-BY-NC-SA-4.0,EPML_SHL_INVMOB06_013,"Paris, Musée du Louvre","Paris, Musée du Louvre","0d64c085-f8b5-45f4-88a1-25ec7bd576fc,ROLE_OWNER;02fa6b30-6424-a5b0-10e4-815de8e960db,ROLE_ADMIN",10.34847/nkl.8eeczob9
EPML_SHL_INVMOB06_014_HD.tif,unpublished,http://purl.org/coar/resource_type/c_c513,"Enregistrement des objets isolés, Cahier VI, page 14",null,1985,CC-BY-NC-SA-4.0,EPML_SHL_INVMOB06_014,"Paris, Musée du Louvre","Paris, Musée du Louvre","0d64c085-f8b5-45f4-88a1-25ec7bd576fc,ROLE_OWNER;02fa6b30-6424-a5b0-10e4-815de8e960db,ROLE_ADMIN",10.34847/nkl.8eeczob9
EPML_SHL_INVMOB06_015_HD.tif,unpublished,http://purl.org/coar/resource_type/c_c513,"Enregistrement des objets isolés, Cahier VI, page 15",null,1985,CC-BY-NC-SA-4.0,EPML_SHL_INVMOB06_015,"Paris, Musée du Louvre","Paris, Musée du Louvre","0d64c085-f8b5-45f4-88a1-25ec7bd576fc,ROLE_OWNER;02fa6b30-6424-a5b0-10e4-815de8e960db,ROLE_ADMIN",10.34847/nkl.8eeczob9
EPML_SHL_INVMOB06_016_HD.tif,unpublished,http://purl.org/coar/resource_type/c_c513,"Enregistrement des objets isolés, Cahier VI, page 16",null,1985,CC-BY-NC-SA-4.0,EPML_SHL_INVMOB06_016,"Paris, Musée du Louvre","Paris, Musée du Louvre","0d64c085-f8b5-45f4-88a1-25ec7bd576fc,ROLE_OWNER;02fa6b30-6424-a5b0-10e4-815de8e960db,ROLE_ADMIN",10.34847/nkl.8eeczob9
EPML_SHL_INVMOB06_017_HD.tif,unpublished,http://purl.org/coar/resource_type/c_c513,"Enregistrement des objets isolés, Cahier VI, page 17",null,1985,CC-BY-NC-SA-4.0,EPML_SHL_INVMOB06_017,"Paris, Musée du Louvre","Paris, Musée du Louvre","0d64c085-f8b5-45f4-88a1-25ec7bd576fc,ROLE_OWNER;02fa6b30-6424-a5b0-10e4-815de8e960db,ROLE_ADMIN",10.34847/nkl.8eeczob9
EPML_SHL_INVMOB06_018_HD.tif,unpublished,http://purl.org/coar/resource_type/c_c513,"Enregistrement des objets isolés, Cahier VI, page 18",null,1985,CC-BY-NC-SA-4.0,EPML_SHL_INVMOB06_018,"Paris, Musée du Louvre","Paris, Musée du Louvre","0d64c085-f8b5-45f4-88a1-25ec7bd576fc,ROLE_OWNER;02fa6b30-6424-a5b0-10e4-815de8e960db,ROLE_ADMIN",10.34847/nkl.8eeczob9
EPML_SHL_INVMOB06_019_HD.tif,unpublished,http://purl.org/coar/resource_type/c_c513,"Enregistrement des objets isolés, Cahier VI, page 19",null,1985,CC-BY-NC-SA-4.0,EPML_SHL_INVMOB06_019,"Paris, Musée du Louvre","Paris, Musée du Louvre","0d64c085-f8b5-45f4-88a1-25ec7bd576fc,ROLE_OWNER;02fa6b30-6424-a5b0-10e4-815de8e960db,ROLE_ADMIN",10.34847/nkl.8eeczob9
EPML_SHL_INVMOB06_020_HD.tif,unpublished,http://purl.org/coar/resource_type/c_c513,"Enregistrement des objets isolés, Cahier VI, page 20",null,1985,CC-BY-NC-SA-4.0,EPML_SHL_INVMOB06_020,"Paris, Musée du Louvre","Paris, Musée du Louvre","0d64c085-f8b5-45f4-88a1-25ec7bd576fc,ROLE_OWNER;02fa6b30-6424-a5b0-10e4-815de8e960db,ROLE_ADMIN",10.34847/nkl.8eeczob9
EPML_SHL_INVMOB06_021_HD.tif,unpublished,http://purl.org/coar/resource_type/c_c513,"Enregistrement des objets isolés, Cahier VI, page 21",null,1985,CC-BY-NC-SA-4.0,EPML_SHL_INVMOB06_021,"Paris, Musée du Louvre","Paris, Musée du Louvre","0d64c085-f8b5-45f4-88a1-25ec7bd576fc,ROLE_OWNER;02fa6b30-6424-a5b0-10e4-815de8e960db,ROLE_ADMIN",10.34847/nkl.8eeczob9
EPML_SHL_INVMOB06_022_HD.tif,unpublished,http://purl.org/coar/resource_type/c_c513,"Enregistrement des objets isolés, Cahier VI, page 22",null,1985,CC-BY-NC-SA-4.0,EPML_SHL_INVMOB06_022,"Paris, Musée du Louvre","Paris, Musée du Louvre","0d64c085-f8b5-45f4-88a1-25ec7bd576fc,ROLE_OWNER;02fa6b30-6424-a5b0-10e4-815de8e960db,ROLE_ADMIN",10.34847/nkl.8eeczob9
EPML_SHL_INVMOB06_023_HD.tif,unpublished,http://purl.org/coar/resource_type/c_c513,"Enregistrement des objets isolés, Cahier VI, page 23",null,1985,CC-BY-NC-SA-4.0,EPML_SHL_INVMOB06_023,"Paris, Musée du Louvre","Paris, Musée du Louvre","0d64c085-f8b5-45f4-88a1-25ec7bd576fc,ROLE_OWNER;02fa6b30-6424-a5b0-10e4-815de8e960db,ROLE_ADMIN",10.34847/nkl.8eeczob9
EPML_SHL_INVMOB06_024_HD.tif,unpublished,http://purl.org/coar/resource_type/c_c513,"Enregistrement des objets isolés, Cahier VI, page 24",null,1985,CC-BY-NC-SA-4.0,EPML_SHL_INVMOB06_024,"Paris, Musée du Louvre","Paris, Musée du Louvre","0d64c085-f8b5-45f4-88a1-25ec7bd576fc,ROLE_OWNER;02fa6b30-6424-a5b0-10e4-815de8e960db,ROLE_ADMIN",10.34847/nkl.8eeczob9
EPML_SHL_INVMOB06_025_HD.tif,unpublished,http://purl.org/coar/resource_type/c_c513,"Enregistrement des objets isolés, Cahier VI, page 25",null,1985,CC-BY-NC-SA-4.0,EPML_SHL_INVMOB06_025,"Paris, Musée du Louvre","Paris, Musée du Louvre","0d64c085-f8b5-45f4-88a1-25ec7bd576fc,ROLE_OWNER;02fa6b30-6424-a5b0-10e4-815de8e960db,ROLE_ADMIN",10.34847/nkl.8eeczob9
EPML_SHL_INVMOB06_026_HD.tif,unpublished,http://purl.org/coar/resource_type/c_c513,"Enregistrement des objets isolés, Cahier VI, page 26",null,1985,CC-BY-NC-SA-4.0,EPML_SHL_INVMOB06_026,"Paris, Musée du Louvre","Paris, Musée du Louvre","0d64c085-f8b5-45f4-88a1-25ec7bd576fc,ROLE_OWNER;02fa6b30-6424-a5b0-10e4-815de8e960db,ROLE_ADMIN",10.34847/nkl.8eeczob9
EPML_SHL_INVMOB06_027_HD.tif,unpublished,http://purl.org/coar/resource_type/c_c513,"Enregistrement des objets isolés, Cahier VI, page 27",null,1985,CC-BY-NC-SA-4.0,EPML_SHL_INVMOB06_027,"Paris, Musée du Louvre","Paris, Musée du Louvre","0d64c085-f8b5-45f4-88a1-25ec7bd576fc,ROLE_OWNER;02fa6b30-6424-a5b0-10e4-815de8e960db,ROLE_ADMIN",10.34847/nkl.8eeczob9
EPML_SHL_INVMOB06_028_HD.tif,unpublished,http://purl.org/coar/resource_type/c_c513,"Enregistrement des objets isolés, Cahier VI, page 28",null,1985,CC-BY-NC-SA-4.0,EPML_SHL_INVMOB06_028,"Paris, Musée du Louvre","Paris, Musée du Louvre","0d64c085-f8b5-45f4-88a1-25ec7bd576fc,ROLE_OWNER;02fa6b30-6424-a5b0-10e4-815de8e960db,ROLE_ADMIN",10.34847/nkl.8eeczob9
EPML_SHL_INVMOB06_029_HD.tif,unpublished,http://purl.org/coar/resource_type/c_c513,"Enregistrement des objets isolés, Cahier VI, page 29",null,1985,CC-BY-NC-SA-4.0,EPML_SHL_INVMOB06_029,"Paris, Musée du Louvre","Paris, Musée du Louvre","0d64c085-f8b5-45f4-88a1-25ec7bd576fc,ROLE_OWNER;02fa6b30-6424-a5b0-10e4-815de8e960db,ROLE_ADMIN",10.34847/nkl.8eeczob9
EPML_SHL_INVMOB06_030_HD.tif,unpublished,http://purl.org/coar/resource_type/c_c513,"Enregistrement des objets isolés, Cahier VI, page 30",null,1985,CC-BY-NC-SA-4.0,EPML_SHL_INVMOB06_030,"Paris, Musée du Louvre","Paris, Musée du Louvre","0d64c085-f8b5-45f4-88a1-25ec7bd576fc,ROLE_OWNER;02fa6b30-6424-a5b0-10e4-815de8e960db,ROLE_ADMIN",10.34847/nkl.8eeczob9
EPML_SHL_INVMOB06_031_HD.tif,unpublished,http://purl.org/coar/resource_type/c_c513,"Enregistrement des objets isolés, Cahier VI, page 31",null,1985,CC-BY-NC-SA-4.0,EPML_SHL_INVMOB06_031,"Paris, Musée du Louvre","Paris, Musée du Louvre","0d64c085-f8b5-45f4-88a1-25ec7bd576fc,ROLE_OWNER;02fa6b30-6424-a5b0-10e4-815de8e960db,ROLE_ADMIN",10.34847/nkl.8eeczob9
EPML_SHL_INVMOB06_032_HD.tif,unpublished,http://purl.org/coar/resource_type/c_c513,"Enregistrement des objets isolés, Cahier VI, page 32",null,1985,CC-BY-NC-SA-4.0,EPML_SHL_INVMOB06_032,"Paris, Musée du Louvre","Paris, Musée du Louvre","0d64c085-f8b5-45f4-88a1-25ec7bd576fc,ROLE_OWNER;02fa6b30-6424-a5b0-10e4-815de8e960db,ROLE_ADMIN",10.34847/nkl.8eeczob9
EPML_SHL_INVMOB06_033_HD.tif,unpublished,http://purl.org/coar/resource_type/c_c513,"Enregistrement des objets isolés, Cahier VI, page 33",null,1985,CC-BY-NC-SA-4.0,EPML_SHL_INVMOB06_033,"Paris, Musée du Louvre","Paris, Musée du Louvre","0d64c085-f8b5-45f4-88a1-25ec7bd576fc,ROLE_OWNER;02fa6b30-6424-a5b0-10e4-815de8e960db,ROLE_ADMIN",10.34847/nkl.8eeczob9
EPML_SHL_INVMOB06_034_HD.tif,unpublished,http://purl.org/coar/resource_type/c_c513,"Enregistrement des objets isolés, Cahier VI, page 34",null,1985,CC-BY-NC-SA-4.0,EPML_SHL_INVMOB06_034,"Paris, Musée du Louvre","Paris, Musée du Louvre","0d64c085-f8b5-45f4-88a1-25ec7bd576fc,ROLE_OWNER;02fa6b30-6424-a5b0-10e4-815de8e960db,ROLE_ADMIN",10.34847/nkl.8eeczob9
EPML_SHL_INVMOB06_035_HD.tif,unpublished,http://purl.org/coar/resource_type/c_c513,"Enregistrement des objets isolés, Cahier VI, page 35",null,1985,CC-BY-NC-SA-4.0,EPML_SHL_INVMOB06_035,"Paris, Musée du Louvre","Paris, Musée du Louvre","0d64c085-f8b5-45f4-88a1-25ec7bd576fc,ROLE_OWNER;02fa6b30-6424-a5b0-10e4-815de8e960db,ROLE_ADMIN",10.34847/nkl.8eeczob9
EPML_SHL_INVMOB06_036_HD.tif,unpublished,http://purl.org/coar/resource_type/c_c513,"Enregistrement des objets isolés, Cahier VI, page 36",null,1985,CC-BY-NC-SA-4.0,EPML_SHL_INVMOB06_036,"Paris, Musée du Louvre","Paris, Musée du Louvre","0d64c085-f8b5-45f4-88a1-25ec7bd576fc,ROLE_OWNER;02fa6b30-6424-a5b0-10e4-815de8e960db,ROLE_ADMIN",10.34847/nkl.8eeczob9
EPML_SHL_INVMOB06_037_HD.tif,unpublished,http://purl.org/coar/resource_type/c_c513,"Enregistrement des objets isolés, Cahier VI, page 37",null,1985,CC-BY-NC-SA-4.0,EPML_SHL_INVMOB06_037,"Paris, Musée du Louvre","Paris, Musée du Louvre","0d64c085-f8b5-45f4-88a1-25ec7bd576fc,ROLE_OWNER;02fa6b30-6424-a5b0-10e4-815de8e960db,ROLE_ADMIN",10.34847/nkl.8eeczob9
EPML_SHL_INVMOB06_038_HD.tif,unpublished,http://purl.org/coar/resource_type/c_c513,"Enregistrement des objets isolés, Cahier VI, page 38",null,1985,CC-BY-NC-SA-4.0,EPML_SHL_INVMOB06_038,"Paris, Musée du Louvre","Paris, Musée du Louvre","0d64c085-f8b5-45f4-88a1-25ec7bd576fc,ROLE_OWNER;02fa6b30-6424-a5b0-10e4-815de8e960db,ROLE_ADMIN",10.34847/nkl.8eeczob9
EPML_SHL_INVMOB06_039_HD.tif,unpublished,http://purl.org/coar/resource_type/c_c513,"Enregistrement des objets isolés, Cahier VI, page 39",null,1985,CC-BY-NC-SA-4.0,EPML_SHL_INVMOB06_039,"Paris, Musée du Louvre","Paris, Musée du Louvre","0d64c085-f8b5-45f4-88a1-25ec7bd576fc,ROLE_OWNER;02fa6b30-6424-a5b0-10e4-815de8e960db,ROLE_ADMIN",10.34847/nkl.8eeczob9
EPML_SHL_INVMOB06_040_HD.tif,unpublished,http://purl.org/coar/resource_type/c_c513,"Enregistrement des objets isolés, Cahier VI, page 40",null,1985,CC-BY-NC-SA-4.0,EPML_SHL_INVMOB06_040,"Paris, Musée du Louvre","Paris, Musée du Louvre","0d64c085-f8b5-45f4-88a1-25ec7bd576fc,ROLE_OWNER;02fa6b30-6424-a5b0-10e4-815de8e960db,ROLE_ADMIN",10.34847/nkl.8eeczob9
EPML_SHL_INVMOB06_041_HD.tif,unpublished,http://purl.org/coar/resource_type/c_c513,"Enregistrement des objets isolés, Cahier VI, page 41",null,1985,CC-BY-NC-SA-4.0,EPML_SHL_INVMOB06_041,"Paris, Musée du Louvre","Paris, Musée du Louvre","0d64c085-f8b5-45f4-88a1-25ec7bd576fc,ROLE_OWNER;02fa6b30-6424-a5b0-10e4-815de8e960db,ROLE_ADMIN",10.34847/nkl.8eeczob9
EPML_SHL_INVMOB06_042_HD.tif,unpublished,http://purl.org/coar/resource_type/c_c513,"Enregistrement des objets isolés, Cahier VI, page 42",null,1985,CC-BY-NC-SA-4.0,EPML_SHL_INVMOB06_042,"Paris, Musée du Louvre","Paris, Musée du Louvre","0d64c085-f8b5-45f4-88a1-25ec7bd576fc,ROLE_OWNER;02fa6b30-6424-a5b0-10e4-815de8e960db,ROLE_ADMIN",10.34847/nkl.8eeczob9
EPML_SHL_INVMOB06_043_HD.tif,unpublished,http://purl.org/coar/resource_type/c_c513,"Enregistrement des objets isolés, Cahier VI, page 43",null,1985,CC-BY-NC-SA-4.0,EPML_SHL_INVMOB06_043,"Paris, Musée du Louvre","Paris, Musée du Louvre","0d64c085-f8b5-45f4-88a1-25ec7bd576fc,ROLE_OWNER;02fa6b30-6424-a5b0-10e4-815de8e960db,ROLE_ADMIN",10.34847/nkl.8eeczob9
EPML_SHL_INVMOB06_044_HD.tif,unpublished,http://purl.org/coar/resource_type/c_c513,"Enregistrement des objets isolés, Cahier VI, page 44",null,1985,CC-BY-NC-SA-4.0,EPML_SHL_INVMOB06_044,"Paris, Musée du Louvre","Paris, Musée du Louvre","0d64c085-f8b5-45f4-88a1-25ec7bd576fc,ROLE_OWNER;02fa6b30-6424-a5b0-10e4-815de8e960db,ROLE_ADMIN",10.34847/nkl.8eeczob9
EPML_SHL_INVMOB06_045_HD.tif,unpublished,http://purl.org/coar/resource_type/c_c513,"Enregistrement des objets isolés, Cahier VI, page 45",null,1985,CC-BY-NC-SA-4.0,EPML_SHL_INVMOB06_045,"Paris, Musée du Louvre","Paris, Musée du Louvre","0d64c085-f8b5-45f4-88a1-25ec7bd576fc,ROLE_OWNER;02fa6b30-6424-a5b0-10e4-815de8e960db,ROLE_ADMIN",10.34847/nkl.8eeczob9
EPML_SHL_INVMOB06_046_HD.tif,unpublished,http://purl.org/coar/resource_type/c_c513,"Enregistrement des objets isolés, Cahier VI, page 46",null,1985,CC-BY-NC-SA-4.0,EPML_SHL_INVMOB06_046,"Paris, Musée du Louvre","Paris, Musée du Louvre","0d64c085-f8b5-45f4-88a1-25ec7bd576fc,ROLE_OWNER;02fa6b30-6424-a5b0-10e4-815de8e960db,ROLE_ADMIN",10.34847/nkl.8eeczob9
EPML_SHL_INVMOB06_047_HD.tif,unpublished,http://purl.org/coar/resource_type/c_c513,"Enregistrement des objets isolés, Cahier VI, page 47",null,1985,CC-BY-NC-SA-4.0,EPML_SHL_INVMOB06_047,"Paris, Musée du Louvre","Paris, Musée du Louvre","0d64c085-f8b5-45f4-88a1-25ec7bd576fc,ROLE_OWNER;02fa6b30-6424-a5b0-10e4-815de8e960db,ROLE_ADMIN",10.34847/nkl.8eeczob9
EPML_SHL_INVMOB06_048_HD.tif,unpublished,http://purl.org/coar/resource_type/c_c513,"Enregistrement des objets isolés, Cahier VI, page 48",null,1985,CC-BY-NC-SA-4.0,EPML_SHL_INVMOB06_048,"Paris, Musée du Louvre","Paris, Musée du Louvre","0d64c085-f8b5-45f4-88a1-25ec7bd576fc,ROLE_OWNER;02fa6b30-6424-a5b0-10e4-815de8e960db,ROLE_ADMIN",10.34847/nkl.8eeczob9
EPML_SHL_INVMOB06_049_HD.tif,unpublished,http://purl.org/coar/resource_type/c_c513,"Enregistrement des objets isolés, Cahier VI, page 49",null,1985,CC-BY-NC-SA-4.0,EPML_SHL_INVMOB06_049,"Paris, Musée du Louvre","Paris, Musée du Louvre","0d64c085-f8b5-45f4-88a1-25ec7bd576fc,ROLE_OWNER;02fa6b30-6424-a5b0-10e4-815de8e960db,ROLE_ADMIN",10.34847/nkl.8eeczob9
EPML_SHL_INVMOB06_050_HD.tif,unpublished,http://purl.org/coar/resource_type/c_c513,"Enregistrement des objets isolés, Cahier VI, page 50",null,1985,CC-BY-NC-SA-4.0,EPML_SHL_INVMOB06_050,"Paris, Musée du Louvre","Paris, Musée du Louvre","0d64c085-f8b5-45f4-88a1-25ec7bd576fc,ROLE_OWNER;02fa6b30-6424-a5b0-10e4-815de8e960db,ROLE_ADMIN",10.34847/nkl.8eeczob9
EPML_SHL_INVMOB06_051_HD.tif,unpublished,http://purl.org/coar/resource_type/c_c513,"Enregistrement des objets isolés, Cahier VI, page 51",null,1985,CC-BY-NC-SA-4.0,EPML_SHL_INVMOB06_051,"Paris, Musée du Louvre","Paris, Musée du Louvre","0d64c085-f8b5-45f4-88a1-25ec7bd576fc,ROLE_OWNER;02fa6b30-6424-a5b0-10e4-815de8e960db,ROLE_ADMIN",10.34847/nkl.8eeczob9
EPML_SHL_INVMOB06_052_HD.tif,unpublished,http://purl.org/coar/resource_type/c_c513,"Enregistrement des objets isolés, Cahier VI, page 52",null,1985,CC-BY-NC-SA-4.0,EPML_SHL_INVMOB06_052,"Paris, Musée du Louvre","Paris, Musée du Louvre","0d64c085-f8b5-45f4-88a1-25ec7bd576fc,ROLE_OWNER;02fa6b30-6424-a5b0-10e4-815de8e960db,ROLE_ADMIN",10.34847/nkl.8eeczob9
EPML_SHL_INVMOB06_053_HD.tif,unpublished,http://purl.org/coar/resource_type/c_c513,"Enregistrement des objets isolés, Cahier VI, page 53",null,1985,CC-BY-NC-SA-4.0,EPML_SHL_INVMOB06_053,"Paris, Musée du Louvre","Paris, Musée du Louvre","0d64c085-f8b5-45f4-88a1-25ec7bd576fc,ROLE_OWNER;02fa6b30-6424-a5b0-10e4-815de8e960db,ROLE_ADMIN",10.34847/nkl.8eeczob9
EPML_SHL_INVMOB06_054_HD.tif,unpublished,http://purl.org/coar/resource_type/c_c513,"Enregistrement des objets isolés, Cahier VI, page 54",null,1985,CC-BY-NC-SA-4.0,EPML_SHL_INVMOB06_054,"Paris, Musée du Louvre","Paris, Musée du Louvre","0d64c085-f8b5-45f4-88a1-25ec7bd576fc,ROLE_OWNER;02fa6b30-6424-a5b0-10e4-815de8e960db,ROLE_ADMIN",10.34847/nkl.8eeczob9
EPML_SHL_INVMOB06_055_HD.tif,unpublished,http://purl.org/coar/resource_type/c_c513,"Enregistrement des objets isolés, Cahier VI, page 55",null,1985,CC-BY-NC-SA-4.0,EPML_SHL_INVMOB06_055,"Paris, Musée du Louvre","Paris, Musée du Louvre","0d64c085-f8b5-45f4-88a1-25ec7bd576fc,ROLE_OWNER;02fa6b30-6424-a5b0-10e4-815de8e960db,ROLE_ADMIN",10.34847/nkl.8eeczob9
EPML_SHL_INVMOB06_056_HD.tif,unpublished,http://purl.org/coar/resource_type/c_c513,"Enregistrement des objets isolés, Cahier VI, page 56",null,1985,CC-BY-NC-SA-4.0,EPML_SHL_INVMOB06_056,"Paris, Musée du Louvre","Paris, Musée du Louvre","0d64c085-f8b5-45f4-88a1-25ec7bd576fc,ROLE_OWNER;02fa6b30-6424-a5b0-10e4-815de8e960db,ROLE_ADMIN",10.34847/nkl.8eeczob9
EPML_SHL_INVMOB06_057_HD.tif,unpublished,http://purl.org/coar/resource_type/c_c513,"Enregistrement des objets isolés, Cahier VI, page 57",null,1985,CC-BY-NC-SA-4.0,EPML_SHL_INVMOB06_057,"Paris, Musée du Louvre","Paris, Musée du Louvre","0d64c085-f8b5-45f4-88a1-25ec7bd576fc,ROLE_OWNER;02fa6b30-6424-a5b0-10e4-815de8e960db,ROLE_ADMIN",10.34847/nkl.8eeczob9
EPML_SHL_INVMOB06_058_HD.tif,unpublished,http://purl.org/coar/resource_type/c_c513,"Enregistrement des objets isolés, Cahier VI, page 58",null,1985,CC-BY-NC-SA-4.0,EPML_SHL_INVMOB06_058,"Paris, Musée du Louvre","Paris, Musée du Louvre","0d64c085-f8b5-45f4-88a1-25ec7bd576fc,ROLE_OWNER;02fa6b30-6424-a5b0-10e4-815de8e960db,ROLE_ADMIN",10.34847/nkl.8eeczob9
EPML_SHL_INVMOB06_059_HD.tif,unpublished,http://purl.org/coar/resource_type/c_c513,"Enregistrement des objets isolés, Cahier VI, page 59",null,1985,CC-BY-NC-SA-4.0,EPML_SHL_INVMOB06_059,"Paris, Musée du Louvre","Paris, Musée du Louvre","0d64c085-f8b5-45f4-88a1-25ec7bd576fc,ROLE_OWNER;02fa6b30-6424-a5b0-10e4-815de8e960db,ROLE_ADMIN",10.34847/nkl.8eeczob9
EPML_SHL_INVMOB06_060_HD.tif,unpublished,http://purl.org/coar/resource_type/c_c513,"Enregistrement des objets isolés, Cahier VI, page 60",null,1985,CC-BY-NC-SA-4.0,EPML_SHL_INVMOB06_060,"Paris, Musée du Louvre","Paris, Musée du Louvre","0d64c085-f8b5-45f4-88a1-25ec7bd576fc,ROLE_OWNER;02fa6b30-6424-a5b0-10e4-815de8e960db,ROLE_ADMIN",10.34847/nkl.8eeczob9
EPML_SHL_INVMOB06_061_HD.tif,unpublished,http://purl.org/coar/resource_type/c_c513,"Enregistrement des objets isolés, Cahier VI, page 61",null,1985,CC-BY-NC-SA-4.0,EPML_SHL_INVMOB06_061,"Paris, Musée du Louvre","Paris, Musée du Louvre","0d64c085-f8b5-45f4-88a1-25ec7bd576fc,ROLE_OWNER;02fa6b30-6424-a5b0-10e4-815de8e960db,ROLE_ADMIN",10.34847/nkl.8eeczob9
EPML_SHL_INVMOB06_062_HD.tif,unpublished,http://purl.org/coar/resource_type/c_c513,"Enregistrement des objets isolés, Cahier VI, page 62",null,1985,CC-BY-NC-SA-4.0,EPML_SHL_INVMOB06_062,"Paris, Musée du Louvre","Paris, Musée du Louvre","0d64c085-f8b5-45f4-88a1-25ec7bd576fc,ROLE_OWNER;02fa6b30-6424-a5b0-10e4-815de8e960db,ROLE_ADMIN",10.34847/nkl.8eeczob9
EPML_SHL_INVMOB06_063_HD.tif,unpublished,http://purl.org/coar/resource_type/c_c513,"Enregistrement des objets isolés, Cahier VI, page 63",null,1985,CC-BY-NC-SA-4.0,EPML_SHL_INVMOB06_063,"Paris, Musée du Louvre","Paris, Musée du Louvre","0d64c085-f8b5-45f4-88a1-25ec7bd576fc,ROLE_OWNER;02fa6b30-6424-a5b0-10e4-815de8e960db,ROLE_ADMIN",10.34847/nkl.8eeczob9
EPML_SHL_INVMOB06_064_HD.tif,unpublished,http://purl.org/coar/resource_type/c_c513,"Enregistrement des objets isolés, Cahier VI, page 64",null,1985,CC-BY-NC-SA-4.0,EPML_SHL_INVMOB06_064,"Paris, Musée du Louvre","Paris, Musée du Louvre","0d64c085-f8b5-45f4-88a1-25ec7bd576fc,ROLE_OWNER;02fa6b30-6424-a5b0-10e4-815de8e960db,ROLE_ADMIN",10.34847/nkl.8eeczob9
EPML_SHL_INVMOB06_065_HD.tif,unpublished,http://purl.org/coar/resource_type/c_c513,"Enregistrement des objets isolés, Cahier VI, page 65",null,1985,CC-BY-NC-SA-4.0,EPML_SHL_INVMOB06_065,"Paris, Musée du Louvre","Paris, Musée du Louvre","0d64c085-f8b5-45f4-88a1-25ec7bd576fc,ROLE_OWNER;02fa6b30-6424-a5b0-10e4-815de8e960db,ROLE_ADMIN",10.34847/nkl.8eeczob9
EPML_SHL_INVMOB06_066_HD.tif,unpublished,http://purl.org/coar/resource_type/c_c513,"Enregistrement des objets isolés, Cahier VI, page 66",null,1985,CC-BY-NC-SA-4.0,EPML_SHL_INVMOB06_066,"Paris, Musée du Louvre","Paris, Musée du Louvre","0d64c085-f8b5-45f4-88a1-25ec7bd576fc,ROLE_OWNER;02fa6b30-6424-a5b0-10e4-815de8e960db,ROLE_ADMIN",10.34847/nkl.8eeczob9
EPML_SHL_INVMOB06_067_HD.tif,unpublished,http://purl.org/coar/resource_type/c_c513,"Enregistrement des objets isolés, Cahier VI, page 67",null,1985,CC-BY-NC-SA-4.0,EPML_SHL_INVMOB06_067,"Paris, Musée du Louvre","Paris, Musée du Louvre","0d64c085-f8b5-45f4-88a1-25ec7bd576fc,ROLE_OWNER;02fa6b30-6424-a5b0-10e4-815de8e960db,ROLE_ADMIN",10.34847/nkl.8eeczob9
EPML_SHL_INVMOB06_068_HD.tif,unpublished,http://purl.org/coar/resource_type/c_c513,"Enregistrement des objets isolés, Cahier VI, page 68",null,1985,CC-BY-NC-SA-4.0,EPML_SHL_INVMOB06_068,"Paris, Musée du Louvre","Paris, Musée du Louvre","0d64c085-f8b5-45f4-88a1-25ec7bd576fc,ROLE_OWNER;02fa6b30-6424-a5b0-10e4-815de8e960db,ROLE_ADMIN",10.34847/nkl.8eeczob9
EPML_SHL_INVMOB06_069_HD.tif,unpublished,http://purl.org/coar/resource_type/c_c513,"Enregistrement des objets isolés, Cahier VI, page 69",null,1985,CC-BY-NC-SA-4.0,EPML_SHL_INVMOB06_069,"Paris, Musée du Louvre","Paris, Musée du Louvre","0d64c085-f8b5-45f4-88a1-25ec7bd576fc,ROLE_OWNER;02fa6b30-6424-a5b0-10e4-815de8e960db,ROLE_ADMIN",10.34847/nkl.8eeczob9
EPML_SHL_INVMOB06_070_HD.tif,unpublished,http://purl.org/coar/resource_type/c_c513,"Enregistrement des objets isolés, Cahier VI, page 70",null,1985,CC-BY-NC-SA-4.0,EPML_SHL_INVMOB06_070,"Paris, Musée du Louvre","Paris, Musée du Louvre","0d64c085-f8b5-45f4-88a1-25ec7bd576fc,ROLE_OWNER;02fa6b30-6424-a5b0-10e4-815de8e960db,ROLE_ADMIN",10.34847/nkl.8eeczob9
EPML_SHL_INVMOB06_071_HD.tif,unpublished,http://purl.org/coar/resource_type/c_c513,"Enregistrement des objets isolés, Cahier VI, page 71",null,1985,CC-BY-NC-SA-4.0,EPML_SHL_INVMOB06_071,"Paris, Musée du Louvre","Paris, Musée du Louvre","0d64c085-f8b5-45f4-88a1-25ec7bd576fc,ROLE_OWNER;02fa6b30-6424-a5b0-10e4-815de8e960db,ROLE_ADMIN",10.34847/nkl.8eeczob9
EPML_SHL_INVMOB06_072_HD.tif,unpublished,http://purl.org/coar/resource_type/c_c513,"Enregistrement des objets isolés, Cahier VI, page 72",null,1985,CC-BY-NC-SA-4.0,EPML_SHL_INVMOB06_072,"Paris, Musée du Louvre","Paris, Musée du Louvre","0d64c085-f8b5-45f4-88a1-25ec7bd576fc,ROLE_OWNER;02fa6b30-6424-a5b0-10e4-815de8e960db,ROLE_ADMIN",10.34847/nkl.8eeczob9
EPML_SHL_INVMOB06_073_HD.tif,unpublished,http://purl.org/coar/resource_type/c_c513,"Enregistrement des objets isolés, Cahier VI, page 73",null,1985,CC-BY-NC-SA-4.0,EPML_SHL_INVMOB06_073,"Paris, Musée du Louvre","Paris, Musée du Louvre","0d64c085-f8b5-45f4-88a1-25ec7bd576fc,ROLE_OWNER;02fa6b30-6424-a5b0-10e4-815de8e960db,ROLE_ADMIN",10.34847/nkl.8eeczob9
EPML_SHL_INVMOB06_074_HD.tif,unpublished,http://purl.org/coar/resource_type/c_c513,"Enregistrement des objets isolés, Cahier VI, page 74",null,1985,CC-BY-NC-SA-4.0,EPML_SHL_INVMOB06_074,"Paris, Musée du Louvre","Paris, Musée du Louvre","0d64c085-f8b5-45f4-88a1-25ec7bd576fc,ROLE_OWNER;02fa6b30-6424-a5b0-10e4-815de8e960db,ROLE_ADMIN",10.34847/nkl.8eeczob9
EPML_SHL_INVMOB06_075_HD.tif,unpublished,http://purl.org/coar/resource_type/c_c513,"Enregistrement des objets isolés, Cahier VI, page 75",null,1985,CC-BY-NC-SA-4.0,EPML_SHL_INVMOB06_075,"Paris, Musée du Louvre","Paris, Musée du Louvre","0d64c085-f8b5-45f4-88a1-25ec7bd576fc,ROLE_OWNER;02fa6b30-6424-a5b0-10e4-815de8e960db,ROLE_ADMIN",10.34847/nkl.8eeczob9
EPML_SHL_INVMOB06_076_HD.tif,unpublished,http://purl.org/coar/resource_type/c_c513,"Enregistrement des objets isolés, Cahier VI, page 76",null,1985,CC-BY-NC-SA-4.0,EPML_SHL_INVMOB06_076,"Paris, Musée du Louvre","Paris, Musée du Louvre","0d64c085-f8b5-45f4-88a1-25ec7bd576fc,ROLE_OWNER;02fa6b30-6424-a5b0-10e4-815de8e960db,ROLE_ADMIN",10.34847/nkl.8eeczob9
EPML_SHL_INVMOB06_077_HD.tif,unpublished,http://purl.org/coar/resource_type/c_c513,"Enregistrement des objets isolés, Cahier VI, page 77",null,1985,CC-BY-NC-SA-4.0,EPML_SHL_INVMOB06_077,"Paris, Musée du Louvre","Paris, Musée du Louvre","0d64c085-f8b5-45f4-88a1-25ec7bd576fc,ROLE_OWNER;02fa6b30-6424-a5b0-10e4-815de8e960db,ROLE_ADMIN",10.34847/nkl.8eeczob9
EPML_SHL_INVMOB06_078_HD.tif,unpublished,http://purl.org/coar/resource_type/c_c513,"Enregistrement des objets isolés, Cahier VI, page 78",null,1985,CC-BY-NC-SA-4.0,EPML_SHL_INVMOB06_078,"Paris, Musée du Louvre","Paris, Musée du Louvre","0d64c085-f8b5-45f4-88a1-25ec7bd576fc,ROLE_OWNER;02fa6b30-6424-a5b0-10e4-815de8e960db,ROLE_ADMIN",10.34847/nkl.8eeczob9
EPML_SHL_INVMOB06_079_HD.tif,unpublished,http://purl.org/coar/resource_type/c_c513,"Enregistrement des objets isolés, Cahier VI, page 79",null,1985,CC-BY-NC-SA-4.0,EPML_SHL_INVMOB06_079,"Paris, Musée du Louvre","Paris, Musée du Louvre","0d64c085-f8b5-45f4-88a1-25ec7bd576fc,ROLE_OWNER;02fa6b30-6424-a5b0-10e4-815de8e960db,ROLE_ADMIN",10.34847/nkl.8eeczob9
EPML_SHL_INVMOB06_080_HD.tif,unpublished,http://purl.org/coar/resource_type/c_c513,"Enregistrement des objets isolés, Cahier VI, page 80",null,1985,CC-BY-NC-SA-4.0,EPML_SHL_INVMOB06_080,"Paris, Musée du Louvre","Paris, Musée du Louvre","0d64c085-f8b5-45f4-88a1-25ec7bd576fc,ROLE_OWNER;02fa6b30-6424-a5b0-10e4-815de8e960db,ROLE_ADMIN",10.34847/nkl.8eeczob9
EPML_SHL_INVMOB07_000_a_HD.tif,unpublished,http://purl.org/coar/resource_type/c_c513,"Enregistrement des objets isolés, Cahier VII, couverture",null,1985,CC-BY-NC-SA-4.0,EPML_SHL_INVMOB07_000_a,"Paris, Musée du Louvre","Paris, Musée du Louvre","0d64c085-f8b5-45f4-88a1-25ec7bd576fc,ROLE_OWNER;02fa6b30-6424-a5b0-10e4-815de8e960db,ROLE_ADMIN",10.34847/nkl.8eeczob9
EPML_SHL_INVMOB07_000_b_HD.tif,unpublished,http://purl.org/coar/resource_type/c_c513,"Enregistrement des objets isolés, Cahier VII, page de garde",null,1985,CC-BY-NC-SA-4.0,EPML_SHL_INVMOB07_000_b,"Paris, Musée du Louvre","Paris, Musée du Louvre","0d64c085-f8b5-45f4-88a1-25ec7bd576fc,ROLE_OWNER;02fa6b30-6424-a5b0-10e4-815de8e960db,ROLE_ADMIN",10.34847/nkl.8eeczob9
EPML_SHL_INVMOB07_001_HD.tif,unpublished,http://purl.org/coar/resource_type/c_c513,"Enregistrement des objets isolés, Cahier VII, page 1",null,1985,CC-BY-NC-SA-4.0,EPML_SHL_INVMOB07_001,"Paris, Musée du Louvre","Paris, Musée du Louvre","0d64c085-f8b5-45f4-88a1-25ec7bd576fc,ROLE_OWNER;02fa6b30-6424-a5b0-10e4-815de8e960db,ROLE_ADMIN",10.34847/nkl.8eeczob9
EPML_SHL_INVMOB07_002_HD.tif,unpublished,http://purl.org/coar/resource_type/c_c513,"Enregistrement des objets isolés, Cahier VII, page 2",null,1985,CC-BY-NC-SA-4.0,EPML_SHL_INVMOB07_002,"Paris, Musée du Louvre","Paris, Musée du Louvre","0d64c085-f8b5-45f4-88a1-25ec7bd576fc,ROLE_OWNER;02fa6b30-6424-a5b0-10e4-815de8e960db,ROLE_ADMIN",10.34847/nkl.8eeczob9
EPML_SHL_INVMOB07_003_HD.tif,unpublished,http://purl.org/coar/resource_type/c_c513,"Enregistrement des objets isolés, Cahier VII, page 3",null,1985,CC-BY-NC-SA-4.0,EPML_SHL_INVMOB07_003,"Paris, Musée du Louvre","Paris, Musée du Louvre","0d64c085-f8b5-45f4-88a1-25ec7bd576fc,ROLE_OWNER;02fa6b30-6424-a5b0-10e4-815de8e960db,ROLE_ADMIN",10.34847/nkl.8eeczob9
EPML_SHL_INVMOB07_004_HD.tif,unpublished,http://purl.org/coar/resource_type/c_c513,"Enregistrement des objets isolés, Cahier VII, page 4",null,1985,CC-BY-NC-SA-4.0,EPML_SHL_INVMOB07_004,"Paris, Musée du Louvre","Paris, Musée du Louvre","0d64c085-f8b5-45f4-88a1-25ec7bd576fc,ROLE_OWNER;02fa6b30-6424-a5b0-10e4-815de8e960db,ROLE_ADMIN",10.34847/nkl.8eeczob9
EPML_SHL_INVMOB07_005_HD.tif,unpublished,http://purl.org/coar/resource_type/c_c513,"Enregistrement des objets isolés, Cahier VII, page 5",null,1985,CC-BY-NC-SA-4.0,EPML_SHL_INVMOB07_005,"Paris, Musée du Louvre","Paris, Musée du Louvre","0d64c085-f8b5-45f4-88a1-25ec7bd576fc,ROLE_OWNER;02fa6b30-6424-a5b0-10e4-815de8e960db,ROLE_ADMIN",10.34847/nkl.8eeczob9
EPML_SHL_INVMOB07_006_HD.tif,unpublished,http://purl.org/coar/resource_type/c_c513,"Enregistrement des objets isolés, Cahier VII, page 6",null,1985,CC-BY-NC-SA-4.0,EPML_SHL_INVMOB07_006,"Paris, Musée du Louvre","Paris, Musée du Louvre","0d64c085-f8b5-45f4-88a1-25ec7bd576fc,ROLE_OWNER;02fa6b30-6424-a5b0-10e4-815de8e960db,ROLE_ADMIN",10.34847/nkl.8eeczob9
EPML_SHL_INVMOB07_007_HD.tif,unpublished,http://purl.org/coar/resource_type/c_c513,"Enregistrement des objets isolés, Cahier VII, page 7",null,1985,CC-BY-NC-SA-4.0,EPML_SHL_INVMOB07_007,"Paris, Musée du Louvre","Paris, Musée du Louvre","0d64c085-f8b5-45f4-88a1-25ec7bd576fc,ROLE_OWNER;02fa6b30-6424-a5b0-10e4-815de8e960db,ROLE_ADMIN",10.34847/nkl.8eeczob9
EPML_SHL_INVMOB07_008_HD.tif,unpublished,http://purl.org/coar/resource_type/c_c513,"Enregistrement des objets isolés, Cahier VII, page 8",null,1985,CC-BY-NC-SA-4.0,EPML_SHL_INVMOB07_008,"Paris, Musée du Louvre","Paris, Musée du Louvre","0d64c085-f8b5-45f4-88a1-25ec7bd576fc,ROLE_OWNER;02fa6b30-6424-a5b0-10e4-815de8e960db,ROLE_ADMIN",10.34847/nkl.8eeczob9
EPML_SHL_INVMOB07_009_HD.tif,unpublished,http://purl.org/coar/resource_type/c_c513,"Enregistrement des objets isolés, Cahier VII, page 9",null,1985,CC-BY-NC-SA-4.0,EPML_SHL_INVMOB07_009,"Paris, Musée du Louvre","Paris, Musée du Louvre","0d64c085-f8b5-45f4-88a1-25ec7bd576fc,ROLE_OWNER;02fa6b30-6424-a5b0-10e4-815de8e960db,ROLE_ADMIN",10.34847/nkl.8eeczob9
EPML_SHL_INVMOB07_010_HD.tif,unpublished,http://purl.org/coar/resource_type/c_c513,"Enregistrement des objets isolés, Cahier VII, page 10",null,1985,CC-BY-NC-SA-4.0,EPML_SHL_INVMOB07_010,"Paris, Musée du Louvre","Paris, Musée du Louvre","0d64c085-f8b5-45f4-88a1-25ec7bd576fc,ROLE_OWNER;02fa6b30-6424-a5b0-10e4-815de8e960db,ROLE_ADMIN",10.34847/nkl.8eeczob9
EPML_SHL_INVMOB07_011_HD.tif,unpublished,http://purl.org/coar/resource_type/c_c513,"Enregistrement des objets isolés, Cahier VII, page 11",null,1985,CC-BY-NC-SA-4.0,EPML_SHL_INVMOB07_011,"Paris, Musée du Louvre","Paris, Musée du Louvre","0d64c085-f8b5-45f4-88a1-25ec7bd576fc,ROLE_OWNER;02fa6b30-6424-a5b0-10e4-815de8e960db,ROLE_ADMIN",10.34847/nkl.8eeczob9
EPML_SHL_INVMOB07_012_HD.tif,unpublished,http://purl.org/coar/resource_type/c_c513,"Enregistrement des objets isolés, Cahier VII, page 12",null,1985,CC-BY-NC-SA-4.0,EPML_SHL_INVMOB07_012,"Paris, Musée du Louvre","Paris, Musée du Louvre","0d64c085-f8b5-45f4-88a1-25ec7bd576fc,ROLE_OWNER;02fa6b30-6424-a5b0-10e4-815de8e960db,ROLE_ADMIN",10.34847/nkl.8eeczob9
EPML_SHL_INVMOB07_013_HD.tif,unpublished,http://purl.org/coar/resource_type/c_c513,"Enregistrement des objets isolés, Cahier VII, page 13",null,1985,CC-BY-NC-SA-4.0,EPML_SHL_INVMOB07_013,"Paris, Musée du Louvre","Paris, Musée du Louvre","0d64c085-f8b5-45f4-88a1-25ec7bd576fc,ROLE_OWNER;02fa6b30-6424-a5b0-10e4-815de8e960db,ROLE_ADMIN",10.34847/nkl.8eeczob9
EPML_SHL_INVMOB07_014_HD.tif,unpublished,http://purl.org/coar/resource_type/c_c513,"Enregistrement des objets isolés, Cahier VII, page 14",null,1985,CC-BY-NC-SA-4.0,EPML_SHL_INVMOB07_014,"Paris, Musée du Louvre","Paris, Musée du Louvre","0d64c085-f8b5-45f4-88a1-25ec7bd576fc,ROLE_OWNER;02fa6b30-6424-a5b0-10e4-815de8e960db,ROLE_ADMIN",10.34847/nkl.8eeczob9
EPML_SHL_INVMOB07_015_HD.tif,unpublished,http://purl.org/coar/resource_type/c_c513,"Enregistrement des objets isolés, Cahier VII, page 15",null,1985,CC-BY-NC-SA-4.0,EPML_SHL_INVMOB07_015,"Paris, Musée du Louvre","Paris, Musée du Louvre","0d64c085-f8b5-45f4-88a1-25ec7bd576fc,ROLE_OWNER;02fa6b30-6424-a5b0-10e4-815de8e960db,ROLE_ADMIN",10.34847/nkl.8eeczob9
EPML_SHL_INVMOB07_016_HD.tif,unpublished,http://purl.org/coar/resource_type/c_c513,"Enregistrement des objets isolés, Cahier VII, page 16",null,1985,CC-BY-NC-SA-4.0,EPML_SHL_INVMOB07_016,"Paris, Musée du Louvre","Paris, Musée du Louvre","0d64c085-f8b5-45f4-88a1-25ec7bd576fc,ROLE_OWNER;02fa6b30-6424-a5b0-10e4-815de8e960db,ROLE_ADMIN",10.34847/nkl.8eeczob9
EPML_SHL_INVMOB07_017_HD.tif,unpublished,http://purl.org/coar/resource_type/c_c513,"Enregistrement des objets isolés, Cahier VII, page 17",null,1985,CC-BY-NC-SA-4.0,EPML_SHL_INVMOB07_017,"Paris, Musée du Louvre","Paris, Musée du Louvre","0d64c085-f8b5-45f4-88a1-25ec7bd576fc,ROLE_OWNER;02fa6b30-6424-a5b0-10e4-815de8e960db,ROLE_ADMIN",10.34847/nkl.8eeczob9
EPML_SHL_INVMOB07_018_HD.tif,unpublished,http://purl.org/coar/resource_type/c_c513,"Enregistrement des objets isolés, Cahier VII, page 18",null,1985,CC-BY-NC-SA-4.0,EPML_SHL_INVMOB07_018,"Paris, Musée du Louvre","Paris, Musée du Louvre","0d64c085-f8b5-45f4-88a1-25ec7bd576fc,ROLE_OWNER;02fa6b30-6424-a5b0-10e4-815de8e960db,ROLE_ADMIN",10.34847/nkl.8eeczob9
EPML_SHL_INVMOB07_019_HD.tif,unpublished,http://purl.org/coar/resource_type/c_c513,"Enregistrement des objets isolés, Cahier VII, page 19",null,1985,CC-BY-NC-SA-4.0,EPML_SHL_INVMOB07_019,"Paris, Musée du Louvre","Paris, Musée du Louvre","0d64c085-f8b5-45f4-88a1-25ec7bd576fc,ROLE_OWNER;02fa6b30-6424-a5b0-10e4-815de8e960db,ROLE_ADMIN",10.34847/nkl.8eeczob9
EPML_SHL_INVMOB07_020_HD.tif,unpublished,http://purl.org/coar/resource_type/c_c513,"Enregistrement des objets isolés, Cahier VII, page 20",null,1985,CC-BY-NC-SA-4.0,EPML_SHL_INVMOB07_020,"Paris, Musée du Louvre","Paris, Musée du Louvre","0d64c085-f8b5-45f4-88a1-25ec7bd576fc,ROLE_OWNER;02fa6b30-6424-a5b0-10e4-815de8e960db,ROLE_ADMIN",10.34847/nkl.8eeczob9
EPML_SHL_INVMOB07_021_HD.tif,unpublished,http://purl.org/coar/resource_type/c_c513,"Enregistrement des objets isolés, Cahier VII, page 21",null,1985,CC-BY-NC-SA-4.0,EPML_SHL_INVMOB07_021,"Paris, Musée du Louvre","Paris, Musée du Louvre","0d64c085-f8b5-45f4-88a1-25ec7bd576fc,ROLE_OWNER;02fa6b30-6424-a5b0-10e4-815de8e960db,ROLE_ADMIN",10.34847/nkl.8eeczob9
EPML_SHL_INVMOB07_022_HD.tif,unpublished,http://purl.org/coar/resource_type/c_c513,"Enregistrement des objets isolés, Cahier VII, page 22",null,1985,CC-BY-NC-SA-4.0,EPML_SHL_INVMOB07_022,"Paris, Musée du Louvre","Paris, Musée du Louvre","0d64c085-f8b5-45f4-88a1-25ec7bd576fc,ROLE_OWNER;02fa6b30-6424-a5b0-10e4-815de8e960db,ROLE_ADMIN",10.34847/nkl.8eeczob9
EPML_SHL_INVMOB07_023_HD.tif,unpublished,http://purl.org/coar/resource_type/c_c513,"Enregistrement des objets isolés, Cahier VII, page 23",null,1985,CC-BY-NC-SA-4.0,EPML_SHL_INVMOB07_023,"Paris, Musée du Louvre","Paris, Musée du Louvre","0d64c085-f8b5-45f4-88a1-25ec7bd576fc,ROLE_OWNER;02fa6b30-6424-a5b0-10e4-815de8e960db,ROLE_ADMIN",10.34847/nkl.8eeczob9
EPML_SHL_INVMOB07_024_HD.tif,unpublished,http://purl.org/coar/resource_type/c_c513,"Enregistrement des objets isolés, Cahier VII, page 24",null,1985,CC-BY-NC-SA-4.0,EPML_SHL_INVMOB07_024,"Paris, Musée du Louvre","Paris, Musée du Louvre","0d64c085-f8b5-45f4-88a1-25ec7bd576fc,ROLE_OWNER;02fa6b30-6424-a5b0-10e4-815de8e960db,ROLE_ADMIN",10.34847/nkl.8eeczob9
EPML_SHL_INVMOB07_025_HD.tif,unpublished,http://purl.org/coar/resource_type/c_c513,"Enregistrement des objets isolés, Cahier VII, page 25",null,1985,CC-BY-NC-SA-4.0,EPML_SHL_INVMOB07_025,"Paris, Musée du Louvre","Paris, Musée du Louvre","0d64c085-f8b5-45f4-88a1-25ec7bd576fc,ROLE_OWNER;02fa6b30-6424-a5b0-10e4-815de8e960db,ROLE_ADMIN",10.34847/nkl.8eeczob9
EPML_SHL_INVMOB07_026_HD.tif,unpublished,http://purl.org/coar/resource_type/c_c513,"Enregistrement des objets isolés, Cahier VII, page 26",null,1985,CC-BY-NC-SA-4.0,EPML_SHL_INVMOB07_026,"Paris, Musée du Louvre","Paris, Musée du Louvre","0d64c085-f8b5-45f4-88a1-25ec7bd576fc,ROLE_OWNER;02fa6b30-6424-a5b0-10e4-815de8e960db,ROLE_ADMIN",10.34847/nkl.8eeczob9
EPML_SHL_INVMOB07_027_HD.tif,unpublished,http://purl.org/coar/resource_type/c_c513,"Enregistrement des objets isolés, Cahier VII, page 27",null,1985,CC-BY-NC-SA-4.0,EPML_SHL_INVMOB07_027,"Paris, Musée du Louvre","Paris, Musée du Louvre","0d64c085-f8b5-45f4-88a1-25ec7bd576fc,ROLE_OWNER;02fa6b30-6424-a5b0-10e4-815de8e960db,ROLE_ADMIN",10.34847/nkl.8eeczob9
EPML_SHL_INVMOB07_028_HD.tif,unpublished,http://purl.org/coar/resource_type/c_c513,"Enregistrement des objets isolés, Cahier VII, page 28",null,1985,CC-BY-NC-SA-4.0,EPML_SHL_INVMOB07_028,"Paris, Musée du Louvre","Paris, Musée du Louvre","0d64c085-f8b5-45f4-88a1-25ec7bd576fc,ROLE_OWNER;02fa6b30-6424-a5b0-10e4-815de8e960db,ROLE_ADMIN",10.34847/nkl.8eeczob9
EPML_SHL_INVMOB07_029_HD.tif,unpublished,http://purl.org/coar/resource_type/c_c513,"Enregistrement des objets isolés, Cahier VII, page 29",null,1985,CC-BY-NC-SA-4.0,EPML_SHL_INVMOB07_029,"Paris, Musée du Louvre","Paris, Musée du Louvre","0d64c085-f8b5-45f4-88a1-25ec7bd576fc,ROLE_OWNER;02fa6b30-6424-a5b0-10e4-815de8e960db,ROLE_ADMIN",10.34847/nkl.8eeczob9
EPML_SHL_INVMOB07_030_HD.tif,unpublished,http://purl.org/coar/resource_type/c_c513,"Enregistrement des objets isolés, Cahier VII, page 30",null,1985,CC-BY-NC-SA-4.0,EPML_SHL_INVMOB07_030,"Paris, Musée du Louvre","Paris, Musée du Louvre","0d64c085-f8b5-45f4-88a1-25ec7bd576fc,ROLE_OWNER;02fa6b30-6424-a5b0-10e4-815de8e960db,ROLE_ADMIN",10.34847/nkl.8eeczob9
EPML_SHL_INVMOB07_031_HD.tif,unpublished,http://purl.org/coar/resource_type/c_c513,"Enregistrement des objets isolés, Cahier VII, page 31",null,1985,CC-BY-NC-SA-4.0,EPML_SHL_INVMOB07_031,"Paris, Musée du Louvre","Paris, Musée du Louvre","0d64c085-f8b5-45f4-88a1-25ec7bd576fc,ROLE_OWNER;02fa6b30-6424-a5b0-10e4-815de8e960db,ROLE_ADMIN",10.34847/nkl.8eeczob9
EPML_SHL_INVMOB07_032_HD.tif,unpublished,http://purl.org/coar/resource_type/c_c513,"Enregistrement des objets isolés, Cahier VII, page 32",null,1985,CC-BY-NC-SA-4.0,EPML_SHL_INVMOB07_032,"Paris, Musée du Louvre","Paris, Musée du Louvre","0d64c085-f8b5-45f4-88a1-25ec7bd576fc,ROLE_OWNER;02fa6b30-6424-a5b0-10e4-815de8e960db,ROLE_ADMIN",10.34847/nkl.8eeczob9
EPML_SHL_INVMOB07_033_HD.tif,unpublished,http://purl.org/coar/resource_type/c_c513,"Enregistrement des objets isolés, Cahier VII, page 33",null,1985,CC-BY-NC-SA-4.0,EPML_SHL_INVMOB07_033,"Paris, Musée du Louvre","Paris, Musée du Louvre","0d64c085-f8b5-45f4-88a1-25ec7bd576fc,ROLE_OWNER;02fa6b30-6424-a5b0-10e4-815de8e960db,ROLE_ADMIN",10.34847/nkl.8eeczob9
EPML_SHL_INVMOB07_034_HD.tif,unpublished,http://purl.org/coar/resource_type/c_c513,"Enregistrement des objets isolés, Cahier VII, page 34",null,1985,CC-BY-NC-SA-4.0,EPML_SHL_INVMOB07_034,"Paris, Musée du Louvre","Paris, Musée du Louvre","0d64c085-f8b5-45f4-88a1-25ec7bd576fc,ROLE_OWNER;02fa6b30-6424-a5b0-10e4-815de8e960db,ROLE_ADMIN",10.34847/nkl.8eeczob9
EPML_SHL_INVMOB07_035_HD.tif,unpublished,http://purl.org/coar/resource_type/c_c513,"Enregistrement des objets isolés, Cahier VII, page 35",null,1985,CC-BY-NC-SA-4.0,EPML_SHL_INVMOB07_035,"Paris, Musée du Louvre","Paris, Musée du Louvre","0d64c085-f8b5-45f4-88a1-25ec7bd576fc,ROLE_OWNER;02fa6b30-6424-a5b0-10e4-815de8e960db,ROLE_ADMIN",10.34847/nkl.8eeczob9
EPML_SHL_INVMOB07_036_HD.tif,unpublished,http://purl.org/coar/resource_type/c_c513,"Enregistrement des objets isolés, Cahier VII, page 36",null,1985,CC-BY-NC-SA-4.0,EPML_SHL_INVMOB07_036,"Paris, Musée du Louvre","Paris, Musée du Louvre","0d64c085-f8b5-45f4-88a1-25ec7bd576fc,ROLE_OWNER;02fa6b30-6424-a5b0-10e4-815de8e960db,ROLE_ADMIN",10.34847/nkl.8eeczob9
EPML_SHL_INVMOB07_037_HD.tif,unpublished,http://purl.org/coar/resource_type/c_c513,"Enregistrement des objets isolés, Cahier VII, page 37",null,1985,CC-BY-NC-SA-4.0,EPML_SHL_INVMOB07_037,"Paris, Musée du Louvre","Paris, Musée du Louvre","0d64c085-f8b5-45f4-88a1-25ec7bd576fc,ROLE_OWNER;02fa6b30-6424-a5b0-10e4-815de8e960db,ROLE_ADMIN",10.34847/nkl.8eeczob9
EPML_SHL_INVMOB07_038_HD.tif,unpublished,http://purl.org/coar/resource_type/c_c513,"Enregistrement des objets isolés, Cahier VII, page 38",null,1985,CC-BY-NC-SA-4.0,EPML_SHL_INVMOB07_038,"Paris, Musée du Louvre","Paris, Musée du Louvre","0d64c085-f8b5-45f4-88a1-25ec7bd576fc,ROLE_OWNER;02fa6b30-6424-a5b0-10e4-815de8e960db,ROLE_ADMIN",10.34847/nkl.8eeczob9
EPML_SHL_INVMOB07_039_HD.tif,unpublished,http://purl.org/coar/resource_type/c_c513,"Enregistrement des objets isolés, Cahier VII, page 39",null,1985,CC-BY-NC-SA-4.0,EPML_SHL_INVMOB07_039,"Paris, Musée du Louvre","Paris, Musée du Louvre","0d64c085-f8b5-45f4-88a1-25ec7bd576fc,ROLE_OWNER;02fa6b30-6424-a5b0-10e4-815de8e960db,ROLE_ADMIN",10.34847/nkl.8eeczob9
EPML_SHL_INVMOB07_040_HD.tif,unpublished,http://purl.org/coar/resource_type/c_c513,"Enregistrement des objets isolés, Cahier VII, page 40",null,1985,CC-BY-NC-SA-4.0,EPML_SHL_INVMOB07_040,"Paris, Musée du Louvre","Paris, Musée du Louvre","0d64c085-f8b5-45f4-88a1-25ec7bd576fc,ROLE_OWNER;02fa6b30-6424-a5b0-10e4-815de8e960db,ROLE_ADMIN",10.34847/nkl.8eeczob9
EPML_SHL_INVMOB07_041_HD.tif,unpublished,http://purl.org/coar/resource_type/c_c513,"Enregistrement des objets isolés, Cahier VII, page 41",null,1985,CC-BY-NC-SA-4.0,EPML_SHL_INVMOB07_041,"Paris, Musée du Louvre","Paris, Musée du Louvre","0d64c085-f8b5-45f4-88a1-25ec7bd576fc,ROLE_OWNER;02fa6b30-6424-a5b0-10e4-815de8e960db,ROLE_ADMIN",10.34847/nkl.8eeczob9
EPML_SHL_INVMOB07_042_HD.tif,unpublished,http://purl.org/coar/resource_type/c_c513,"Enregistrement des objets isolés, Cahier VII, page 42",null,1985,CC-BY-NC-SA-4.0,EPML_SHL_INVMOB07_042,"Paris, Musée du Louvre","Paris, Musée du Louvre","0d64c085-f8b5-45f4-88a1-25ec7bd576fc,ROLE_OWNER;02fa6b30-6424-a5b0-10e4-815de8e960db,ROLE_ADMIN",10.34847/nkl.8eeczob9
EPML_SHL_INVMOB07_043_HD.tif,unpublished,http://purl.org/coar/resource_type/c_c513,"Enregistrement des objets isolés, Cahier VII, page 43",null,1985,CC-BY-NC-SA-4.0,EPML_SHL_INVMOB07_043,"Paris, Musée du Louvre","Paris, Musée du Louvre","0d64c085-f8b5-45f4-88a1-25ec7bd576fc,ROLE_OWNER;02fa6b30-6424-a5b0-10e4-815de8e960db,ROLE_ADMIN",10.34847/nkl.8eeczob9
EPML_SHL_INVMOB07_044_HD.tif,unpublished,http://purl.org/coar/resource_type/c_c513,"Enregistrement des objets isolés, Cahier VII, page 44",null,1985,CC-BY-NC-SA-4.0,EPML_SHL_INVMOB07_044,"Paris, Musée du Louvre","Paris, Musée du Louvre","0d64c085-f8b5-45f4-88a1-25ec7bd576fc,ROLE_OWNER;02fa6b30-6424-a5b0-10e4-815de8e960db,ROLE_ADMIN",10.34847/nkl.8eeczob9
EPML_SHL_INVMOB07_045_HD.tif,unpublished,http://purl.org/coar/resource_type/c_c513,"Enregistrement des objets isolés, Cahier VII, page 45",null,1985,CC-BY-NC-SA-4.0,EPML_SHL_INVMOB07_045,"Paris, Musée du Louvre","Paris, Musée du Louvre","0d64c085-f8b5-45f4-88a1-25ec7bd576fc,ROLE_OWNER;02fa6b30-6424-a5b0-10e4-815de8e960db,ROLE_ADMIN",10.34847/nkl.8eeczob9
EPML_SHL_INVMOB07_046_HD.tif,unpublished,http://purl.org/coar/resource_type/c_c513,"Enregistrement des objets isolés, Cahier VII, page 46",null,1985,CC-BY-NC-SA-4.0,EPML_SHL_INVMOB07_046,"Paris, Musée du Louvre","Paris, Musée du Louvre","0d64c085-f8b5-45f4-88a1-25ec7bd576fc,ROLE_OWNER;02fa6b30-6424-a5b0-10e4-815de8e960db,ROLE_ADMIN",10.34847/nkl.8eeczob9
EPML_SHL_INVMOB07_047_HD.tif,unpublished,http://purl.org/coar/resource_type/c_c513,"Enregistrement des objets isolés, Cahier VII, page 47",null,1985,CC-BY-NC-SA-4.0,EPML_SHL_INVMOB07_047,"Paris, Musée du Louvre","Paris, Musée du Louvre","0d64c085-f8b5-45f4-88a1-25ec7bd576fc,ROLE_OWNER;02fa6b30-6424-a5b0-10e4-815de8e960db,ROLE_ADMIN",10.34847/nkl.8eeczob9
EPML_SHL_INVMOB07_048_HD.tif,unpublished,http://purl.org/coar/resource_type/c_c513,"Enregistrement des objets isolés, Cahier VII, page 48",null,1985,CC-BY-NC-SA-4.0,EPML_SHL_INVMOB07_048,"Paris, Musée du Louvre","Paris, Musée du Louvre","0d64c085-f8b5-45f4-88a1-25ec7bd576fc,ROLE_OWNER;02fa6b30-6424-a5b0-10e4-815de8e960db,ROLE_ADMIN",10.34847/nkl.8eeczob9
EPML_SHL_INVMOB07_049_HD.tif,unpublished,http://purl.org/coar/resource_type/c_c513,"Enregistrement des objets isolés, Cahier VII, page 49",null,1985,CC-BY-NC-SA-4.0,EPML_SHL_INVMOB07_049,"Paris, Musée du Louvre","Paris, Musée du Louvre","0d64c085-f8b5-45f4-88a1-25ec7bd576fc,ROLE_OWNER;02fa6b30-6424-a5b0-10e4-815de8e960db,ROLE_ADMIN",10.34847/nkl.8eeczob9
EPML_SHL_INVMOB07_050_HD.tif,unpublished,http://purl.org/coar/resource_type/c_c513,"Enregistrement des objets isolés, Cahier VII, page 50",null,1985,CC-BY-NC-SA-4.0,EPML_SHL_INVMOB07_050,"Paris, Musée du Louvre","Paris, Musée du Louvre","0d64c085-f8b5-45f4-88a1-25ec7bd576fc,ROLE_OWNER;02fa6b30-6424-a5b0-10e4-815de8e960db,ROLE_ADMIN",10.34847/nkl.8eeczob9
EPML_SHL_INVMOB07_051_HD.tif,unpublished,http://purl.org/coar/resource_type/c_c513,"Enregistrement des objets isolés, Cahier VII, page 51",null,1985,CC-BY-NC-SA-4.0,EPML_SHL_INVMOB07_051,"Paris, Musée du Louvre","Paris, Musée du Louvre","0d64c085-f8b5-45f4-88a1-25ec7bd576fc,ROLE_OWNER;02fa6b30-6424-a5b0-10e4-815de8e960db,ROLE_ADMIN",10.34847/nkl.8eeczob9
EPML_SHL_INVMOB07_052_HD.tif,unpublished,http://purl.org/coar/resource_type/c_c513,"Enregistrement des objets isolés, Cahier VII, page 52",null,1985,CC-BY-NC-SA-4.0,EPML_SHL_INVMOB07_052,"Paris, Musée du Louvre","Paris, Musée du Louvre","0d64c085-f8b5-45f4-88a1-25ec7bd576fc,ROLE_OWNER;02fa6b30-6424-a5b0-10e4-815de8e960db,ROLE_ADMIN",10.34847/nkl.8eeczob9
EPML_SHL_INVMOB07_053_HD.tif,unpublished,http://purl.org/coar/resource_type/c_c513,"Enregistrement des objets isolés, Cahier VII, page 53",null,1985,CC-BY-NC-SA-4.0,EPML_SHL_INVMOB07_053,"Paris, Musée du Louvre","Paris, Musée du Louvre","0d64c085-f8b5-45f4-88a1-25ec7bd576fc,ROLE_OWNER;02fa6b30-6424-a5b0-10e4-815de8e960db,ROLE_ADMIN",10.34847/nkl.8eeczob9
EPML_SHL_INVMOB07_054_HD.tif,unpublished,http://purl.org/coar/resource_type/c_c513,"Enregistrement des objets isolés, Cahier VII, page 54",null,1985,CC-BY-NC-SA-4.0,EPML_SHL_INVMOB07_054,"Paris, Musée du Louvre","Paris, Musée du Louvre","0d64c085-f8b5-45f4-88a1-25ec7bd576fc,ROLE_OWNER;02fa6b30-6424-a5b0-10e4-815de8e960db,ROLE_ADMIN",10.34847/nkl.8eeczob9
EPML_SHL_INVMOB07_055_HD.tif,unpublished,http://purl.org/coar/resource_type/c_c513,"Enregistrement des objets isolés, Cahier VII, page 55",null,1985,CC-BY-NC-SA-4.0,EPML_SHL_INVMOB07_055,"Paris, Musée du Louvre","Paris, Musée du Louvre","0d64c085-f8b5-45f4-88a1-25ec7bd576fc,ROLE_OWNER;02fa6b30-6424-a5b0-10e4-815de8e960db,ROLE_ADMIN",10.34847/nkl.8eeczob9
EPML_SHL_INVMOB07_056_HD.tif,unpublished,http://purl.org/coar/resource_type/c_c513,"Enregistrement des objets isolés, Cahier VII, page 56",null,1985,CC-BY-NC-SA-4.0,EPML_SHL_INVMOB07_056,"Paris, Musée du Louvre","Paris, Musée du Louvre","0d64c085-f8b5-45f4-88a1-25ec7bd576fc,ROLE_OWNER;02fa6b30-6424-a5b0-10e4-815de8e960db,ROLE_ADMIN",10.34847/nkl.8eeczob9
EPML_SHL_INVMOB07_057_HD.tif,unpublished,http://purl.org/coar/resource_type/c_c513,"Enregistrement des objets isolés, Cahier VII, page 57",null,1985,CC-BY-NC-SA-4.0,EPML_SHL_INVMOB07_057,"Paris, Musée du Louvre","Paris, Musée du Louvre","0d64c085-f8b5-45f4-88a1-25ec7bd576fc,ROLE_OWNER;02fa6b30-6424-a5b0-10e4-815de8e960db,ROLE_ADMIN",10.34847/nkl.8eeczob9
EPML_SHL_INVMOB07_058_HD.tif,unpublished,http://purl.org/coar/resource_type/c_c513,"Enregistrement des objets isolés, Cahier VII, page 58",null,1985,CC-BY-NC-SA-4.0,EPML_SHL_INVMOB07_058,"Paris, Musée du Louvre","Paris, Musée du Louvre","0d64c085-f8b5-45f4-88a1-25ec7bd576fc,ROLE_OWNER;02fa6b30-6424-a5b0-10e4-815de8e960db,ROLE_ADMIN",10.34847/nkl.8eeczob9
EPML_SHL_INVMOB07_059_HD.tif,unpublished,http://purl.org/coar/resource_type/c_c513,"Enregistrement des objets isolés, Cahier VII, page 59",null,1985,CC-BY-NC-SA-4.0,EPML_SHL_INVMOB07_059,"Paris, Musée du Louvre","Paris, Musée du Louvre","0d64c085-f8b5-45f4-88a1-25ec7bd576fc,ROLE_OWNER;02fa6b30-6424-a5b0-10e4-815de8e960db,ROLE_ADMIN",10.34847/nkl.8eeczob9
EPML_SHL_INVMOB07_060_HD.tif,unpublished,http://purl.org/coar/resource_type/c_c513,"Enregistrement des objets isolés, Cahier VII, page 60",null,1985,CC-BY-NC-SA-4.0,EPML_SHL_INVMOB07_060,"Paris, Musée du Louvre","Paris, Musée du Louvre","0d64c085-f8b5-45f4-88a1-25ec7bd576fc,ROLE_OWNER;02fa6b30-6424-a5b0-10e4-815de8e960db,ROLE_ADMIN",10.34847/nkl.8eeczob9
EPML_SHL_INVMOB07_061_HD.tif,unpublished,http://purl.org/coar/resource_type/c_c513,"Enregistrement des objets isolés, Cahier VII, page 61",null,1985,CC-BY-NC-SA-4.0,EPML_SHL_INVMOB07_061,"Paris, Musée du Louvre","Paris, Musée du Louvre","0d64c085-f8b5-45f4-88a1-25ec7bd576fc,ROLE_OWNER;02fa6b30-6424-a5b0-10e4-815de8e960db,ROLE_ADMIN",10.34847/nkl.8eeczob9
EPML_SHL_INVMOB07_062_HD.tif,unpublished,http://purl.org/coar/resource_type/c_c513,"Enregistrement des objets isolés, Cahier VII, page 62",null,1985,CC-BY-NC-SA-4.0,EPML_SHL_INVMOB07_062,"Paris, Musée du Louvre","Paris, Musée du Louvre","0d64c085-f8b5-45f4-88a1-25ec7bd576fc,ROLE_OWNER;02fa6b30-6424-a5b0-10e4-815de8e960db,ROLE_ADMIN",10.34847/nkl.8eeczob9
EPML_SHL_INVMOB07_063_HD.tif,unpublished,http://purl.org/coar/resource_type/c_c513,"Enregistrement des objets isolés, Cahier VII, page 63",null,1985,CC-BY-NC-SA-4.0,EPML_SHL_INVMOB07_063,"Paris, Musée du Louvre","Paris, Musée du Louvre","0d64c085-f8b5-45f4-88a1-25ec7bd576fc,ROLE_OWNER;02fa6b30-6424-a5b0-10e4-815de8e960db,ROLE_ADMIN",10.34847/nkl.8eeczob9
EPML_SHL_INVMOB07_064_HD.tif,unpublished,http://purl.org/coar/resource_type/c_c513,"Enregistrement des objets isolés, Cahier VII, page 64",null,1985,CC-BY-NC-SA-4.0,EPML_SHL_INVMOB07_064,"Paris, Musée du Louvre","Paris, Musée du Louvre","0d64c085-f8b5-45f4-88a1-25ec7bd576fc,ROLE_OWNER;02fa6b30-6424-a5b0-10e4-815de8e960db,ROLE_ADMIN",10.34847/nkl.8eeczob9
EPML_SHL_INVMOB07_065_HD.tif,unpublished,http://purl.org/coar/resource_type/c_c513,"Enregistrement des objets isolés, Cahier VII, page 65",null,1985,CC-BY-NC-SA-4.0,EPML_SHL_INVMOB07_065,"Paris, Musée du Louvre","Paris, Musée du Louvre","0d64c085-f8b5-45f4-88a1-25ec7bd576fc,ROLE_OWNER;02fa6b30-6424-a5b0-10e4-815de8e960db,ROLE_ADMIN",10.34847/nkl.8eeczob9
EPML_SHL_INVMOB07_066_HD.tif,unpublished,http://purl.org/coar/resource_type/c_c513,"Enregistrement des objets isolés, Cahier VII, page 66",null,1985,CC-BY-NC-SA-4.0,EPML_SHL_INVMOB07_066,"Paris, Musée du Louvre","Paris, Musée du Louvre","0d64c085-f8b5-45f4-88a1-25ec7bd576fc,ROLE_OWNER;02fa6b30-6424-a5b0-10e4-815de8e960db,ROLE_ADMIN",10.34847/nkl.8eeczob9
EPML_SHL_INVMOB07_067_HD.tif,unpublished,http://purl.org/coar/resource_type/c_c513,"Enregistrement des objets isolés, Cahier VII, page 67",null,1985,CC-BY-NC-SA-4.0,EPML_SHL_INVMOB07_067,"Paris, Musée du Louvre","Paris, Musée du Louvre","0d64c085-f8b5-45f4-88a1-25ec7bd576fc,ROLE_OWNER;02fa6b30-6424-a5b0-10e4-815de8e960db,ROLE_ADMIN",10.34847/nkl.8eeczob9
EPML_SHL_INVMOB07_068_HD.tif,unpublished,http://purl.org/coar/resource_type/c_c513,"Enregistrement des objets isolés, Cahier VII, page 68",null,1985,CC-BY-NC-SA-4.0,EPML_SHL_INVMOB07_068,"Paris, Musée du Louvre","Paris, Musée du Louvre","0d64c085-f8b5-45f4-88a1-25ec7bd576fc,ROLE_OWNER;02fa6b30-6424-a5b0-10e4-815de8e960db,ROLE_ADMIN",10.34847/nkl.8eeczob9
EPML_SHL_INVMOB07_069_HD.tif,unpublished,http://purl.org/coar/resource_type/c_c513,"Enregistrement des objets isolés, Cahier VII, page 69",null,1985,CC-BY-NC-SA-4.0,EPML_SHL_INVMOB07_069,"Paris, Musée du Louvre","Paris, Musée du Louvre","0d64c085-f8b5-45f4-88a1-25ec7bd576fc,ROLE_OWNER;02fa6b30-6424-a5b0-10e4-815de8e960db,ROLE_ADMIN",10.34847/nkl.8eeczob9
EPML_SHL_INVMOB07_070_HD.tif,unpublished,http://purl.org/coar/resource_type/c_c513,"Enregistrement des objets isolés, Cahier VII, page 70",null,1985,CC-BY-NC-SA-4.0,EPML_SHL_INVMOB07_070,"Paris, Musée du Louvre","Paris, Musée du Louvre","0d64c085-f8b5-45f4-88a1-25ec7bd576fc,ROLE_OWNER;02fa6b30-6424-a5b0-10e4-815de8e960db,ROLE_ADMIN",10.34847/nkl.8eeczob9
EPML_SHL_INVMOB07_071_HD.tif,unpublished,http://purl.org/coar/resource_type/c_c513,"Enregistrement des objets isolés, Cahier VII, page 71",null,1985,CC-BY-NC-SA-4.0,EPML_SHL_INVMOB07_071,"Paris, Musée du Louvre","Paris, Musée du Louvre","0d64c085-f8b5-45f4-88a1-25ec7bd576fc,ROLE_OWNER;02fa6b30-6424-a5b0-10e4-815de8e960db,ROLE_ADMIN",10.34847/nkl.8eeczob9
EPML_SHL_INVMOB07_072_HD.tif,unpublished,http://purl.org/coar/resource_type/c_c513,"Enregistrement des objets isolés, Cahier VII, page 72",null,1985,CC-BY-NC-SA-4.0,EPML_SHL_INVMOB07_072,"Paris, Musée du Louvre","Paris, Musée du Louvre","0d64c085-f8b5-45f4-88a1-25ec7bd576fc,ROLE_OWNER;02fa6b30-6424-a5b0-10e4-815de8e960db,ROLE_ADMIN",10.34847/nkl.8eeczob9
EPML_SHL_INVMOB07_073_HD.tif,unpublished,http://purl.org/coar/resource_type/c_c513,"Enregistrement des objets isolés, Cahier VII, page 73",null,1985,CC-BY-NC-SA-4.0,EPML_SHL_INVMOB07_073,"Paris, Musée du Louvre","Paris, Musée du Louvre","0d64c085-f8b5-45f4-88a1-25ec7bd576fc,ROLE_OWNER;02fa6b30-6424-a5b0-10e4-815de8e960db,ROLE_ADMIN",10.34847/nkl.8eeczob9
EPML_SHL_INVMOB07_074_HD.tif,unpublished,http://purl.org/coar/resource_type/c_c513,"Enregistrement des objets isolés, Cahier VII, page 74",null,1985,CC-BY-NC-SA-4.0,EPML_SHL_INVMOB07_074,"Paris, Musée du Louvre","Paris, Musée du Louvre","0d64c085-f8b5-45f4-88a1-25ec7bd576fc,ROLE_OWNER;02fa6b30-6424-a5b0-10e4-815de8e960db,ROLE_ADMIN",10.34847/nkl.8eeczob9
EPML_SHL_INVMOB07_075_HD.tif,unpublished,http://purl.org/coar/resource_type/c_c513,"Enregistrement des objets isolés, Cahier VII, page 75",null,1985,CC-BY-NC-SA-4.0,EPML_SHL_INVMOB07_075,"Paris, Musée du Louvre","Paris, Musée du Louvre","0d64c085-f8b5-45f4-88a1-25ec7bd576fc,ROLE_OWNER;02fa6b30-6424-a5b0-10e4-815de8e960db,ROLE_ADMIN",10.34847/nkl.8eeczob9
EPML_SHL_INVMOB07_076_HD.tif,unpublished,http://purl.org/coar/resource_type/c_c513,"Enregistrement des objets isolés, Cahier VII, page 76",null,1985,CC-BY-NC-SA-4.0,EPML_SHL_INVMOB07_076,"Paris, Musée du Louvre","Paris, Musée du Louvre","0d64c085-f8b5-45f4-88a1-25ec7bd576fc,ROLE_OWNER;02fa6b30-6424-a5b0-10e4-815de8e960db,ROLE_ADMIN",10.34847/nkl.8eeczob9
EPML_SHL_INVMOB07_077_HD.tif,unpublished,http://purl.org/coar/resource_type/c_c513,"Enregistrement des objets isolés, Cahier VII, page 77",null,1985,CC-BY-NC-SA-4.0,EPML_SHL_INVMOB07_077,"Paris, Musée du Louvre","Paris, Musée du Louvre","0d64c085-f8b5-45f4-88a1-25ec7bd576fc,ROLE_OWNER;02fa6b30-6424-a5b0-10e4-815de8e960db,ROLE_ADMIN",10.34847/nkl.8eeczob9
EPML_SHL_INVMOB07_078_HD.tif,unpublished,http://purl.org/coar/resource_type/c_c513,"Enregistrement des objets isolés, Cahier VII, page 78",null,1985,CC-BY-NC-SA-4.0,EPML_SHL_INVMOB07_078,"Paris, Musée du Louvre","Paris, Musée du Louvre","0d64c085-f8b5-45f4-88a1-25ec7bd576fc,ROLE_OWNER;02fa6b30-6424-a5b0-10e4-815de8e960db,ROLE_ADMIN",10.34847/nkl.8eeczob9
EPML_SHL_INVMOB07_079_HD.tif,unpublished,http://purl.org/coar/resource_type/c_c513,"Enregistrement des objets isolés, Cahier VII, page 79",null,1985,CC-BY-NC-SA-4.0,EPML_SHL_INVMOB07_079,"Paris, Musée du Louvre","Paris, Musée du Louvre","0d64c085-f8b5-45f4-88a1-25ec7bd576fc,ROLE_OWNER;02fa6b30-6424-a5b0-10e4-815de8e960db,ROLE_ADMIN",10.34847/nkl.8eeczob9
EPML_SHL_INVMOB07_080_HD.tif,unpublished,http://purl.org/coar/resource_type/c_c513,"Enregistrement des objets isolés, Cahier VII, page 80",null,1985,CC-BY-NC-SA-4.0,EPML_SHL_INVMOB07_080,"Paris, Musée du Louvre","Paris, Musée du Louvre","0d64c085-f8b5-45f4-88a1-25ec7bd576fc,ROLE_OWNER;02fa6b30-6424-a5b0-10e4-815de8e960db,ROLE_ADMIN",10.34847/nkl.8eeczob9
EPML_SHL_INVMOB08_000_a_1_HD.tif,unpublished,http://purl.org/coar/resource_type/c_c513,"Enregistrement des objets isolés, Cahier VIII, couverture",null,1985,CC-BY-NC-SA-4.0,EPML_SHL_INVMOB08_000_a_1,"Paris, Musée du Louvre","Paris, Musée du Louvre","0d64c085-f8b5-45f4-88a1-25ec7bd576fc,ROLE_OWNER;02fa6b30-6424-a5b0-10e4-815de8e960db,ROLE_ADMIN",10.34847/nkl.8eeczob9
EPML_SHL_INVMOB08_000_a_2_HD.tif,unpublished,http://purl.org/coar/resource_type/c_c513,"Enregistrement des objets isolés, Cahier VIII, objets en exposition",null,1985,CC-BY-NC-SA-4.0,EPML_SHL_INVMOB08_000_a_2,"Paris, Musée du Louvre","Paris, Musée du Louvre","0d64c085-f8b5-45f4-88a1-25ec7bd576fc,ROLE_OWNER;02fa6b30-6424-a5b0-10e4-815de8e960db,ROLE_ADMIN",10.34847/nkl.8eeczob9
EPML_SHL_INVMOB08_000_b_1_HD.tif,unpublished,http://purl.org/coar/resource_type/c_c513,"Enregistrement des objets isolés, Cahier VIII, page de titre",null,1985,CC-BY-NC-SA-4.0,EPML_SHL_INVMOB08_000_b_1,"Paris, Musée du Louvre","Paris, Musée du Louvre","0d64c085-f8b5-45f4-88a1-25ec7bd576fc,ROLE_OWNER;02fa6b30-6424-a5b0-10e4-815de8e960db,ROLE_ADMIN",10.34847/nkl.8eeczob9
EPML_SHL_INVMOB08_000_b_2_HD.tif,unpublished,http://purl.org/coar/resource_type/c_c513,"Enregistrement des objets isolés, Cahier VIII, liste des abréviations",null,1985,CC-BY-NC-SA-4.0,EPML_SHL_INVMOB08_000_b_2,"Paris, Musée du Louvre","Paris, Musée du Louvre","0d64c085-f8b5-45f4-88a1-25ec7bd576fc,ROLE_OWNER;02fa6b30-6424-a5b0-10e4-815de8e960db,ROLE_ADMIN",10.34847/nkl.8eeczob9
EPML_SHL_INVMOB08_001_HD.tif,unpublished,http://purl.org/coar/resource_type/c_c513,"Enregistrement des objets isolés, Cahier VIII, page 1",null,1985,CC-BY-NC-SA-4.0,EPML_SHL_INVMOB08_001,"Paris, Musée du Louvre","Paris, Musée du Louvre","0d64c085-f8b5-45f4-88a1-25ec7bd576fc,ROLE_OWNER;02fa6b30-6424-a5b0-10e4-815de8e960db,ROLE_ADMIN",10.34847/nkl.8eeczob9
EPML_SHL_INVMOB08_002_HD.tif,unpublished,http://purl.org/coar/resource_type/c_c513,"Enregistrement des objets isolés, Cahier VIII, page 2",null,1985,CC-BY-NC-SA-4.0,EPML_SHL_INVMOB08_002,"Paris, Musée du Louvre","Paris, Musée du Louvre","0d64c085-f8b5-45f4-88a1-25ec7bd576fc,ROLE_OWNER;02fa6b30-6424-a5b0-10e4-815de8e960db,ROLE_ADMIN",10.34847/nkl.8eeczob9
EPML_SHL_INVMOB08_003_HD.tif,unpublished,http://purl.org/coar/resource_type/c_c513,"Enregistrement des objets isolés, Cahier VIII, page 3",null,1985,CC-BY-NC-SA-4.0,EPML_SHL_INVMOB08_003,"Paris, Musée du Louvre","Paris, Musée du Louvre","0d64c085-f8b5-45f4-88a1-25ec7bd576fc,ROLE_OWNER;02fa6b30-6424-a5b0-10e4-815de8e960db,ROLE_ADMIN",10.34847/nkl.8eeczob9
EPML_SHL_INVMOB08_004_HD.tif,unpublished,http://purl.org/coar/resource_type/c_c513,"Enregistrement des objets isolés, Cahier VIII, page 4",null,1985,CC-BY-NC-SA-4.0,EPML_SHL_INVMOB08_004,"Paris, Musée du Louvre","Paris, Musée du Louvre","0d64c085-f8b5-45f4-88a1-25ec7bd576fc,ROLE_OWNER;02fa6b30-6424-a5b0-10e4-815de8e960db,ROLE_ADMIN",10.34847/nkl.8eeczob9
EPML_SHL_INVMOB08_005_HD.tif,unpublished,http://purl.org/coar/resource_type/c_c513,"Enregistrement des objets isolés, Cahier VIII, page 5",null,1985,CC-BY-NC-SA-4.0,EPML_SHL_INVMOB08_005,"Paris, Musée du Louvre","Paris, Musée du Louvre","0d64c085-f8b5-45f4-88a1-25ec7bd576fc,ROLE_OWNER;02fa6b30-6424-a5b0-10e4-815de8e960db,ROLE_ADMIN",10.34847/nkl.8eeczob9
EPML_SHL_INVMOB08_006_HD.tif,unpublished,http://purl.org/coar/resource_type/c_c513,"Enregistrement des objets isolés, Cahier VIII, page 6",null,1985,CC-BY-NC-SA-4.0,EPML_SHL_INVMOB08_006,"Paris, Musée du Louvre","Paris, Musée du Louvre","0d64c085-f8b5-45f4-88a1-25ec7bd576fc,ROLE_OWNER;02fa6b30-6424-a5b0-10e4-815de8e960db,ROLE_ADMIN",10.34847/nkl.8eeczob9
EPML_SHL_INVMOB08_007_HD.tif,unpublished,http://purl.org/coar/resource_type/c_c513,"Enregistrement des objets isolés, Cahier VIII, page 7",null,1985,CC-BY-NC-SA-4.0,EPML_SHL_INVMOB08_007,"Paris, Musée du Louvre","Paris, Musée du Louvre","0d64c085-f8b5-45f4-88a1-25ec7bd576fc,ROLE_OWNER;02fa6b30-6424-a5b0-10e4-815de8e960db,ROLE_ADMIN",10.34847/nkl.8eeczob9
EPML_SHL_INVMOB08_008_HD.tif,unpublished,http://purl.org/coar/resource_type/c_c513,"Enregistrement des objets isolés, Cahier VIII, page 8",null,1985,CC-BY-NC-SA-4.0,EPML_SHL_INVMOB08_008,"Paris, Musée du Louvre","Paris, Musée du Louvre","0d64c085-f8b5-45f4-88a1-25ec7bd576fc,ROLE_OWNER;02fa6b30-6424-a5b0-10e4-815de8e960db,ROLE_ADMIN",10.34847/nkl.8eeczob9
EPML_SHL_INVMOB08_009_HD.tif,unpublished,http://purl.org/coar/resource_type/c_c513,"Enregistrement des objets isolés, Cahier VIII, page 9",null,1985,CC-BY-NC-SA-4.0,EPML_SHL_INVMOB08_009,"Paris, Musée du Louvre","Paris, Musée du Louvre","0d64c085-f8b5-45f4-88a1-25ec7bd576fc,ROLE_OWNER;02fa6b30-6424-a5b0-10e4-815de8e960db,ROLE_ADMIN",10.34847/nkl.8eeczob9
EPML_SHL_INVMOB08_010_HD.tif,unpublished,http://purl.org/coar/resource_type/c_c513,"Enregistrement des objets isolés, Cahier VIII, page 10",null,1985,CC-BY-NC-SA-4.0,EPML_SHL_INVMOB08_010,"Paris, Musée du Louvre","Paris, Musée du Louvre","0d64c085-f8b5-45f4-88a1-25ec7bd576fc,ROLE_OWNER;02fa6b30-6424-a5b0-10e4-815de8e960db,ROLE_ADMIN",10.34847/nkl.8eeczob9
EPML_SHL_INVMOB08_011_HD.tif,unpublished,http://purl.org/coar/resource_type/c_c513,"Enregistrement des objets isolés, Cahier VIII, page 11",null,1985,CC-BY-NC-SA-4.0,EPML_SHL_INVMOB08_011,"Paris, Musée du Louvre","Paris, Musée du Louvre","0d64c085-f8b5-45f4-88a1-25ec7bd576fc,ROLE_OWNER;02fa6b30-6424-a5b0-10e4-815de8e960db,ROLE_ADMIN",10.34847/nkl.8eeczob9
EPML_SHL_INVMOB08_012_HD.tif,unpublished,http://purl.org/coar/resource_type/c_c513,"Enregistrement des objets isolés, Cahier VIII, page 12",null,1985,CC-BY-NC-SA-4.0,EPML_SHL_INVMOB08_012,"Paris, Musée du Louvre","Paris, Musée du Louvre","0d64c085-f8b5-45f4-88a1-25ec7bd576fc,ROLE_OWNER;02fa6b30-6424-a5b0-10e4-815de8e960db,ROLE_ADMIN",10.34847/nkl.8eeczob9
EPML_SHL_INVMOB08_013_HD.tif,unpublished,http://purl.org/coar/resource_type/c_c513,"Enregistrement des objets isolés, Cahier VIII, page 13",null,1985,CC-BY-NC-SA-4.0,EPML_SHL_INVMOB08_013,"Paris, Musée du Louvre","Paris, Musée du Louvre","0d64c085-f8b5-45f4-88a1-25ec7bd576fc,ROLE_OWNER;02fa6b30-6424-a5b0-10e4-815de8e960db,ROLE_ADMIN",10.34847/nkl.8eeczob9
EPML_SHL_INVMOB08_014_HD.tif,unpublished,http://purl.org/coar/resource_type/c_c513,"Enregistrement des objets isolés, Cahier VIII, page 14",null,1985,CC-BY-NC-SA-4.0,EPML_SHL_INVMOB08_014,"Paris, Musée du Louvre","Paris, Musée du Louvre","0d64c085-f8b5-45f4-88a1-25ec7bd576fc,ROLE_OWNER;02fa6b30-6424-a5b0-10e4-815de8e960db,ROLE_ADMIN",10.34847/nkl.8eeczob9
EPML_SHL_INVMOB08_015_HD.tif,unpublished,http://purl.org/coar/resource_type/c_c513,"Enregistrement des objets isolés, Cahier VIII, page 15",null,1985,CC-BY-NC-SA-4.0,EPML_SHL_INVMOB08_015,"Paris, Musée du Louvre","Paris, Musée du Louvre","0d64c085-f8b5-45f4-88a1-25ec7bd576fc,ROLE_OWNER;02fa6b30-6424-a5b0-10e4-815de8e960db,ROLE_ADMIN",10.34847/nkl.8eeczob9
EPML_SHL_INVMOB08_016_HD.tif,unpublished,http://purl.org/coar/resource_type/c_c513,"Enregistrement des objets isolés, Cahier VIII, page 16",null,1985,CC-BY-NC-SA-4.0,EPML_SHL_INVMOB08_016,"Paris, Musée du Louvre","Paris, Musée du Louvre","0d64c085-f8b5-45f4-88a1-25ec7bd576fc,ROLE_OWNER;02fa6b30-6424-a5b0-10e4-815de8e960db,ROLE_ADMIN",10.34847/nkl.8eeczob9
EPML_SHL_INVMOB08_017_HD.tif,unpublished,http://purl.org/coar/resource_type/c_c513,"Enregistrement des objets isolés, Cahier VIII, page 17",null,1985,CC-BY-NC-SA-4.0,EPML_SHL_INVMOB08_017,"Paris, Musée du Louvre","Paris, Musée du Louvre","0d64c085-f8b5-45f4-88a1-25ec7bd576fc,ROLE_OWNER;02fa6b30-6424-a5b0-10e4-815de8e960db,ROLE_ADMIN",10.34847/nkl.8eeczob9
EPML_SHL_INVMOB08_018_HD.tif,unpublished,http://purl.org/coar/resource_type/c_c513,"Enregistrement des objets isolés, Cahier VIII, page 18",null,1985,CC-BY-NC-SA-4.0,EPML_SHL_INVMOB08_018,"Paris, Musée du Louvre","Paris, Musée du Louvre","0d64c085-f8b5-45f4-88a1-25ec7bd576fc,ROLE_OWNER;02fa6b30-6424-a5b0-10e4-815de8e960db,ROLE_ADMIN",10.34847/nkl.8eeczob9
EPML_SHL_INVMOB08_019_HD.tif,unpublished,http://purl.org/coar/resource_type/c_c513,"Enregistrement des objets isolés, Cahier VIII, page 19",null,1985,CC-BY-NC-SA-4.0,EPML_SHL_INVMOB08_019,"Paris, Musée du Louvre","Paris, Musée du Louvre","0d64c085-f8b5-45f4-88a1-25ec7bd576fc,ROLE_OWNER;02fa6b30-6424-a5b0-10e4-815de8e960db,ROLE_ADMIN",10.34847/nkl.8eeczob9
EPML_SHL_INVMOB08_020_HD.tif,unpublished,http://purl.org/coar/resource_type/c_c513,"Enregistrement des objets isolés, Cahier VIII, page 20",null,1985,CC-BY-NC-SA-4.0,EPML_SHL_INVMOB08_020,"Paris, Musée du Louvre","Paris, Musée du Louvre","0d64c085-f8b5-45f4-88a1-25ec7bd576fc,ROLE_OWNER;02fa6b30-6424-a5b0-10e4-815de8e960db,ROLE_ADMIN",10.34847/nkl.8eeczob9
EPML_SHL_INVMOB08_021_HD.tif,unpublished,http://purl.org/coar/resource_type/c_c513,"Enregistrement des objets isolés, Cahier VIII, page 21",null,1985,CC-BY-NC-SA-4.0,EPML_SHL_INVMOB08_021,"Paris, Musée du Louvre","Paris, Musée du Louvre","0d64c085-f8b5-45f4-88a1-25ec7bd576fc,ROLE_OWNER;02fa6b30-6424-a5b0-10e4-815de8e960db,ROLE_ADMIN",10.34847/nkl.8eeczob9
EPML_SHL_INVMOB08_022_HD.tif,unpublished,http://purl.org/coar/resource_type/c_c513,"Enregistrement des objets isolés, Cahier VIII, page 22",null,1985,CC-BY-NC-SA-4.0,EPML_SHL_INVMOB08_022,"Paris, Musée du Louvre","Paris, Musée du Louvre","0d64c085-f8b5-45f4-88a1-25ec7bd576fc,ROLE_OWNER;02fa6b30-6424-a5b0-10e4-815de8e960db,ROLE_ADMIN",10.34847/nkl.8eeczob9
EPML_SHL_INVMOB08_023_HD.tif,unpublished,http://purl.org/coar/resource_type/c_c513,"Enregistrement des objets isolés, Cahier VIII, page 23",null,1985,CC-BY-NC-SA-4.0,EPML_SHL_INVMOB08_023,"Paris, Musée du Louvre","Paris, Musée du Louvre","0d64c085-f8b5-45f4-88a1-25ec7bd576fc,ROLE_OWNER;02fa6b30-6424-a5b0-10e4-815de8e960db,ROLE_ADMIN",10.34847/nkl.8eeczob9
EPML_SHL_INVMOB08_024_HD.tif,unpublished,http://purl.org/coar/resource_type/c_c513,"Enregistrement des objets isolés, Cahier VIII, page 24",null,1985,CC-BY-NC-SA-4.0,EPML_SHL_INVMOB08_024,"Paris, Musée du Louvre","Paris, Musée du Louvre","0d64c085-f8b5-45f4-88a1-25ec7bd576fc,ROLE_OWNER;02fa6b30-6424-a5b0-10e4-815de8e960db,ROLE_ADMIN",10.34847/nkl.8eeczob9
EPML_SHL_INVMOB08_025_HD.tif,unpublished,http://purl.org/coar/resource_type/c_c513,"Enregistrement des objets isolés, Cahier VIII, page 25",null,1985,CC-BY-NC-SA-4.0,EPML_SHL_INVMOB08_025,"Paris, Musée du Louvre","Paris, Musée du Louvre","0d64c085-f8b5-45f4-88a1-25ec7bd576fc,ROLE_OWNER;02fa6b30-6424-a5b0-10e4-815de8e960db,ROLE_ADMIN",10.34847/nkl.8eeczob9
EPML_SHL_INVMOB08_026_HD.tif,unpublished,http://purl.org/coar/resource_type/c_c513,"Enregistrement des objets isolés, Cahier VIII, page 26",null,1985,CC-BY-NC-SA-4.0,EPML_SHL_INVMOB08_026,"Paris, Musée du Louvre","Paris, Musée du Louvre","0d64c085-f8b5-45f4-88a1-25ec7bd576fc,ROLE_OWNER;02fa6b30-6424-a5b0-10e4-815de8e960db,ROLE_ADMIN",10.34847/nkl.8eeczob9
EPML_SHL_INVMOB08_027_HD.tif,unpublished,http://purl.org/coar/resource_type/c_c513,"Enregistrement des objets isolés, Cahier VIII, page 27",null,1985,CC-BY-NC-SA-4.0,EPML_SHL_INVMOB08_027,"Paris, Musée du Louvre","Paris, Musée du Louvre","0d64c085-f8b5-45f4-88a1-25ec7bd576fc,ROLE_OWNER;02fa6b30-6424-a5b0-10e4-815de8e960db,ROLE_ADMIN",10.34847/nkl.8eeczob9
EPML_SHL_INVMOB08_028_HD.tif,unpublished,http://purl.org/coar/resource_type/c_c513,"Enregistrement des objets isolés, Cahier VIII, page 28",null,1985,CC-BY-NC-SA-4.0,EPML_SHL_INVMOB08_028,"Paris, Musée du Louvre","Paris, Musée du Louvre","0d64c085-f8b5-45f4-88a1-25ec7bd576fc,ROLE_OWNER;02fa6b30-6424-a5b0-10e4-815de8e960db,ROLE_ADMIN",10.34847/nkl.8eeczob9
EPML_SHL_INVMOB08_029_HD.tif,unpublished,http://purl.org/coar/resource_type/c_c513,"Enregistrement des objets isolés, Cahier VIII, page 29",null,1985,CC-BY-NC-SA-4.0,EPML_SHL_INVMOB08_029,"Paris, Musée du Louvre","Paris, Musée du Louvre","0d64c085-f8b5-45f4-88a1-25ec7bd576fc,ROLE_OWNER;02fa6b30-6424-a5b0-10e4-815de8e960db,ROLE_ADMIN",10.34847/nkl.8eeczob9
EPML_SHL_INVMOB08_030_HD.tif,unpublished,http://purl.org/coar/resource_type/c_c513,"Enregistrement des objets isolés, Cahier VIII, page 30",null,1985,CC-BY-NC-SA-4.0,EPML_SHL_INVMOB08_030,"Paris, Musée du Louvre","Paris, Musée du Louvre","0d64c085-f8b5-45f4-88a1-25ec7bd576fc,ROLE_OWNER;02fa6b30-6424-a5b0-10e4-815de8e960db,ROLE_ADMIN",10.34847/nkl.8eeczob9
